x,v
1,0
1,-0.1
0.999,-0.1998
0.997002,-0.2993
0.994009,-0.398402
0.990025,-0.497006
0.985055,-0.595015
0.979105,-0.69233
0.972181,-0.788856
0.964293,-0.884496
0.955448,-0.979157
0.945656,-1.07274
0.934929,-1.16516
0.923277,-1.25633
0.910714,-1.34614
0.897253,-1.43452
0.882907,-1.52138
0.867694,-1.60662
0.851627,-1.69018
0.834726,-1.77196
0.817006,-1.85189
0.798487,-1.92989
0.779188,-2.00588
0.759129,-2.07978
0.738332,-2.15154
0.716816,-2.22107
0.694606,-2.28831
0.671722,-2.35319
0.648191,-2.41566
0.624034,-2.47564
0.599278,-2.5331
0.573947,-2.58796
0.548067,-2.64018
0.521665,-2.6897
0.494768,-2.73649
0.467403,-2.78049
0.439598,-2.82167
0.411382,-2.85999
0.382782,-2.89541
0.353828,-2.9279
0.324549,-2.95742
0.294974,-2.98396
0.265135,-3.00749
0.23506,-3.02799
0.20478,-3.04544
0.174326,-3.05983
0.143727,-3.07114
0.113016,-3.07937
0.0822222,-3.08451
0.051377,-3.08657
0.0205114,-3.08553
-0.010344,-3.08141
-0.0411581,-3.07421
-0.0719002,-3.06395
-0.10254,-3.05063
-0.133046,-3.03428
-0.163389,-3.0149
-0.193538,-2.99254
-0.223463,-2.9672
-0.253135,-2.93892
-0.282524,-2.90772
-0.311602,-2.87366
-0.340338,-2.83675
-0.368706,-2.79704
-0.396676,-2.75458
-0.424222,-2.7094
-0.451316,-2.66156
-0.477931,-2.6111
-0.504042,-2.55809
-0.529623,-2.50257
-0.554649,-2.4446
-0.579095,-2.38425
-0.602938,-2.32157
-0.626153,-2.25663
-0.64872,-2.1895
-0.670615,-2.12025
-0.691817,-2.04895
-0.712307,-1.97567
-0.732063,-1.90049
-0.751068,-1.82348
-0.769303,-1.74473
-0.78675,-1.66431
-0.803393,-1.5823
-0.819217,-1.4988
-0.834205,-1.41388
-0.848343,-1.32763
-0.86162,-1.24014
-0.874021,-1.1515
-0.885536,-1.0618
-0.896154,-0.971119
-0.905865,-0.879562
-0.914661,-0.787216
-0.922533,-0.694175
-0.929475,-0.600534
-0.93548,-0.506385
-0.940544,-0.411824
-0.944662,-0.316946
-0.947832,-0.221846
-0.95005,-0.126619
-0.951316,-0.0313612
-0.95163,0.0638332
-0.950992,0.158869
-0.949403,0.25365
-0.946866,0.348083
-0.943386,0.442073
-0.938965,0.535528
-0.93361,0.628353
-0.927326,0.720458
-0.920121,0.811749
-0.912004,0.902138
-0.902983,0.991534
-0.893067,1.07985
-0.882269,1.167
-0.870599,1.25289
-0.85807,1.33744
-0.844696,1.42058
-0.83049,1.5022
-0.815468,1.58225
-0.799645,1.66063
-0.783039,1.73727
-0.765666,1.8121
-0.747545,1.88505
-0.728695,1.95603
-0.709134,2.02499
-0.688885,2.09185
-0.667966,2.15656
-0.6464,2.21904
-0.62421,2.27924
-0.601418,2.3371
-0.578047,2.39257
-0.554121,2.44559
-0.529665,2.49611
-0.504704,2.54409
-0.479263,2.58947
-0.453368,2.63222
-0.427046,2.67229
-0.400323,2.70965
-0.373227,2.74426
-0.345784,2.7761
-0.318023,2.80512
-0.289972,2.83131
-0.261659,2.85465
-0.233112,2.8751
-0.204361,2.89267
-0.175435,2.90732
-0.146362,2.91905
-0.117171,2.92784
-0.0878927,2.9337
-0.0585556,2.93663
-0.0291894,2.93661
0.000176711,2.93365
0.0295133,2.92777
0.058791,2.91896
0.0879806,2.90725
0.117053,2.89263
0.145979,2.87514
0.174731,2.85479
0.203279,2.83161
0.231595,2.80562
0.259651,2.77685
0.28742,2.74533
0.314873,2.7111
0.341984,2.67419
0.368726,2.63464
0.395072,2.5925
0.420997,2.54781
0.446475,2.50061
0.471481,2.45096
0.495991,2.39891
0.51998,2.34452
0.543425,2.28783
0.566304,2.22891
0.588593,2.16782
0.610271,2.10463
0.631317,2.03939
0.651711,1.97218
0.671433,1.90307
0.690464,1.83212
0.708785,1.75941
0.726379,1.68501
0.743229,1.609
0.759319,1.53146
0.774634,1.45247
0.789158,1.3721
0.802879,1.29044
0.815784,1.20757
0.827859,1.12357
0.839095,1.03854
0.84948,0.952555
0.859006,0.865702
0.867663,0.77807
0.875444,0.689748
0.882341,0.600824
0.888349,0.511388
0.893463,0.42153
0.897679,0.331341
0.900992,0.24091
0.903401,0.150329
0.904904,0.0596884
0.905501,-0.0309214
0.905192,-0.12141
0.903978,-0.211686
0.901861,-0.301661
0.898845,-0.391243
0.894932,-0.480345
0.890129,-0.568878
0.88444,-0.656753
0.877872,-0.743883
0.870434,-0.830183
0.862132,-0.915566
0.852976,-0.999948
0.842977,-1.08325
0.832144,-1.16538
0.82049,-1.24626
0.808028,-1.32582
0.79477,-1.40397
0.78073,-1.48064
0.765924,-1.55575
0.750366,-1.62923
0.734074,-1.70101
0.717064,-1.77101
0.699354,-1.83918
0.680962,-1.90543
0.661907,-1.96972
0.64221,-2.03197
0.62189,-2.09213
0.600969,-2.15013
0.579468,-2.20593
0.557409,-2.25946
0.534814,-2.31069
0.511707,-2.35955
0.488112,-2.406
0.464052,-2.45
0.439552,-2.4915
0.414637,-2.53047
0.389332,-2.56688
0.363663,-2.60068
0.337656,-2.63184
0.311338,-2.66034
0.284734,-2.68616
0.257873,-2.70926
0.23078,-2.72963
0.203484,-2.74725
0.176012,-2.7621
0.148391,-2.77418
0.120649,-2.78347
0.0928142,-2.78997
0.0649145,-2.79367
0.0369779,-2.79457
0.00903217,-2.79268
-0.0188946,-2.788
-0.0467746,-2.78053
-0.0745799,-2.77029
-0.102283,-2.75729
-0.129856,-2.74155
-0.157271,-2.72308
-0.184502,-2.70191
-0.211521,-2.67806
-0.238302,-2.65155
-0.264817,-2.62241
-0.291041,-2.59069
-0.316948,-2.5564
-0.342512,-2.51959
-0.367708,-2.4803
-0.392511,-2.43857
-0.416897,-2.39444
-0.440841,-2.34797
-0.464321,-2.29919
-0.487313,-2.24816
-0.509795,-2.19493
-0.531744,-2.13956
-0.553139,-2.0821
-0.57396,-2.02263
-0.594187,-1.96119
-0.613799,-1.89784
-0.632777,-1.83267
-0.651104,-1.76573
-0.668761,-1.69708
-0.685732,-1.62681
-0.702,-1.55499
-0.71755,-1.48168
-0.732367,-1.40696
-0.746436,-1.33091
-0.759745,-1.2536
-0.772281,-1.17512
-0.784032,-1.09554
-0.794988,-1.01495
-0.805137,-0.933419
-0.814472,-0.851039
-0.822982,-0.76789
-0.830661,-0.684056
-0.837501,-0.599621
-0.843498,-0.514672
-0.848644,-0.429293
-0.852937,-0.34357
-0.856373,-0.257589
-0.858949,-0.171437
-0.860663,-0.0851989
-0.861515,0.00103786
-0.861505,0.0871873
-0.860633,0.173163
-0.858901,0.25888
-0.856313,0.344253
-0.85287,0.429195
-0.848578,0.513624
-0.843442,0.597455
-0.837467,0.680604
-0.830661,0.762989
-0.823031,0.84453
-0.814586,0.925144
-0.805335,1.00475
-0.795287,1.08328
-0.784454,1.16064
-0.772848,1.23676
-0.76048,1.31157
-0.747365,1.385
-0.733515,1.45696
-0.718945,1.5274
-0.703671,1.59624
-0.687708,1.66342
-0.671074,1.72886
-0.653786,1.79251
-0.635861,1.8543
-0.617318,1.91418
-0.598176,1.97208
-0.578455,2.02796
-0.558175,2.08175
-0.537358,2.1334
-0.516024,2.18287
-0.494195,2.23011
-0.471894,2.27507
-0.449143,2.31771
-0.425966,2.35798
-0.402386,2.39587
-0.378428,2.43131
-0.354115,2.46429
-0.329472,2.49478
-0.304524,2.52273
-0.279297,2.54814
-0.253815,2.57097
-0.228106,2.59121
-0.202193,2.60884
-0.176105,2.62384
-0.149867,2.63621
-0.123505,2.64592
-0.0970453,2.65298
-0.0705155,2.65738
-0.0439418,2.65911
-0.0173506,2.65819
0.00923128,2.65461
0.0357774,2.64838
0.0622611,2.6395
0.0886561,2.628
0.114936,2.61387
0.141075,2.59715
0.167046,2.57785
0.192825,2.55599
0.218385,2.5316
0.243701,2.5047
0.268748,2.47532
0.293501,2.44349
0.317936,2.40925
0.342028,2.37264
0.365755,2.33369
0.389092,2.29245
0.412016,2.24896
0.434506,2.20326
0.456538,2.1554
0.478092,2.10543
0.499147,2.05341
0.519681,1.99939
0.539675,1.94343
0.559109,1.88557
0.577965,1.82589
0.596224,1.76444
0.613868,1.70129
0.630881,1.6365
0.647246,1.57014
0.662947,1.50228
0.67797,1.43298
0.6923,1.36231
0.705923,1.29036
0.718827,1.21719
0.730998,1.14287
0.742427,1.06748
0.753102,0.991105
0.763013,0.913813
0.772151,0.835684
0.780508,0.756797
0.788076,0.677233
0.794848,0.597071
0.800819,0.516392
0.805983,0.435277
0.810336,0.353808
0.813874,0.272067
0.816594,0.190136
0.818496,0.108096
0.819577,0.0260301
0.819837,-0.0559796
0.819277,-0.137851
0.817899,-0.219503
0.815704,-0.300854
0.812695,-0.381823
0.808877,-0.462329
0.804254,-0.542292
0.798831,-0.621633
0.792614,-0.700272
0.785612,-0.778133
0.77783,-0.855138
0.769279,-0.931211
0.759967,-1.00628
0.749904,-1.08026
0.739101,-1.15309
0.727571,-1.22469
0.715324,-1.295
0.702374,-1.36394
0.688734,-1.43145
0.67442,-1.49746
0.659445,-1.56191
0.643826,-1.62473
0.627579,-1.68587
0.61072,-1.74525
0.593267,-1.80283
0.575239,-1.85855
0.556654,-1.91236
0.53753,-1.9642
0.517888,-2.01403
0.497748,-2.06179
0.47713,-2.10744
0.456055,-2.15094
0.434546,-2.19224
0.412624,-2.23131
0.390311,-2.26811
0.367629,-2.3026
0.344603,-2.33476
0.321256,-2.36455
0.29761,-2.39195
0.273691,-2.41693
0.249521,-2.43946
0.225127,-2.45953
0.200532,-2.47713
0.17576,-2.49223
0.150838,-2.50482
0.12579,-2.51489
0.100641,-2.52244
0.0754164,-2.52746
0.0501418,-2.52995
0.0248423,-2.5299
-0.000456712,-2.52733
-0.02573,-2.52223
-0.0509522,-2.51461
-0.0760983,-2.50448
-0.101143,-2.49187
-0.126062,-2.47677
-0.15083,-2.45921
-0.175422,-2.43921
-0.199814,-2.41679
-0.223982,-2.39197
-0.247901,-2.36479
-0.271549,-2.33527
-0.294902,-2.30344
-0.317936,-2.26935
-0.34063,-2.23301
-0.36296,-2.19449
-0.384905,-2.1538
-0.406443,-2.111
-0.427553,-2.06614
-0.448214,-2.01925
-0.468407,-1.97039
-0.488111,-1.91961
-0.507307,-1.86696
-0.525976,-1.81249
-0.544101,-1.75627
-0.561664,-1.69835
-0.578647,-1.63878
-0.595035,-1.57764
-0.610812,-1.51498
-0.625961,-1.45087
-0.64047,-1.38537
-0.654324,-1.31856
-0.667509,-1.25049
-0.680014,-1.18124
-0.691827,-1.11087
-0.702935,-1.03947
-0.71333,-0.967094
-0.723001,-0.893827
-0.731939,-0.819739
-0.740137,-0.744906
-0.747586,-0.669402
-0.75428,-0.593305
-0.760213,-0.51669
-0.76538,-0.439636
-0.769776,-0.362219
-0.773398,-0.284517
-0.776243,-0.206608
-0.778309,-0.12857
-0.779595,-0.0504821
-0.7801,0.0275784
-0.779824,0.105533
-0.778769,0.183305
-0.776936,0.260815
-0.774328,0.337987
-0.770948,0.414744
-0.7668,0.491009
-0.76189,0.566707
-0.756223,0.641763
-0.749806,0.716101
-0.742645,0.78965
-0.734748,0.862335
-0.726125,0.934085
-0.716784,1.00483
-0.706736,1.0745
-0.695991,1.14302
-0.68456,1.21034
-0.672457,1.27637
-0.659693,1.34106
-0.646283,1.40435
-0.632239,1.46617
-0.617577,1.52646
-0.602313,1.58517
-0.586461,1.64223
-0.570039,1.69759
-0.553063,1.7512
-0.535551,1.803
-0.517521,1.85295
-0.498991,1.901
-0.479981,1.94709
-0.460511,1.9912
-0.440599,2.03327
-0.420266,2.07326
-0.399533,2.11114
-0.378422,2.14687
-0.356953,2.18042
-0.335149,2.21175
-0.313031,2.24085
-0.290623,2.26767
-0.267946,2.29219
-0.245024,2.3144
-0.22188,2.33428
-0.198537,2.3518
-0.175019,2.36695
-0.15135,2.37972
-0.127553,2.39009
-0.103652,2.39807
-0.0796713,2.40364
-0.0556349,2.4068
-0.031567,2.40755
-0.00749151,2.40589
0.0165674,2.40182
0.0405856,2.39536
0.0645392,2.38651
0.0884044,2.37529
0.112157,2.3617
0.135774,2.34576
0.159232,2.32749
0.182507,2.30691
0.205576,2.28405
0.228416,2.25892
0.251005,2.23156
0.273321,2.202
0.295341,2.17026
0.317044,2.13639
0.338408,2.10041
0.359412,2.06237
0.380035,2.0223
0.400258,1.98025
0.420061,1.93627
0.439424,1.89039
0.458327,1.84267
0.476754,1.79315
0.494686,1.74189
0.512104,1.68893
0.528994,1.63435
0.545337,1.57818
0.561119,1.52049
0.576324,1.46133
0.590937,1.40078
0.604945,1.33888
0.618334,1.27571
0.631091,1.21133
0.643204,1.1458
0.654662,1.07918
0.665454,1.01156
0.67557,0.94299
0.684999,0.873547
0.693735,0.8033
0.701768,0.73232
0.709091,0.660679
0.715698,0.588448
0.721582,0.515701
0.726739,0.442512
0.731165,0.368953
0.734854,0.295098
0.737805,0.221023
0.740015,0.1468
0.741483,0.0725051
0.742208,-0.00178825
0.74219,-0.0760055
0.74143,-0.150073
0.73993,-0.223915
0.737691,-0.297461
0.734716,-0.370635
0.73101,-0.443365
0.726576,-0.515579
0.72142,-0.587206
0.715548,-0.658173
0.708966,-0.728412
0.701682,-0.797852
0.693704,-0.866424
0.685039,-0.934062
0.675699,-1.0007
0.665692,-1.06627
0.655029,-1.1307
0.643722,-1.19394
0.631783,-1.25593
0.619223,-1.31659
0.606058,-1.37588
0.592299,-1.43374
0.577961,-1.4901
0.56306,-1.54492
0.547611,-1.59813
0.53163,-1.6497
0.515133,-1.69956
0.498137,-1.74768
0.48066,-1.79399
0.462721,-1.83847
0.444336,-1.88107
0.425525,-1.92174
0.406308,-1.96045
0.386703,-1.99716
0.366732,-2.03183
0.346413,-2.06444
0.325769,-2.09495
0.304819,-2.12334
0.283586,-2.14958
0.26209,-2.17364
0.240354,-2.1955
0.218399,-2.21514
0.196247,-2.23255
0.173922,-2.24771
0.151445,-2.26061
0.128839,-2.27123
0.106126,-2.27957
0.0833307,-2.28563
0.0604744,-2.28939
0.0375805,-2.29086
0.0146719,-2.29003
-0.0082284,-2.28692
-0.0310976,-2.28152
-0.0539129,-2.27385
-0.0766514,-2.26391
-0.0992905,-2.25172
-0.121808,-2.23729
-0.144181,-2.22063
-0.166387,-2.20177
-0.188405,-2.18073
-0.210212,-2.15753
-0.231787,-2.13219
-0.253109,-2.10475
-0.274157,-2.07523
-0.294909,-2.04366
-0.315345,-2.01008
-0.335446,-1.97453
-0.355192,-1.93704
-0.374562,-1.89764
-0.393538,-1.85639
-0.412102,-1.81332
-0.430236,-1.76849
-0.44792,-1.72193
-0.46514,-1.67369
-0.481877,-1.62383
-0.498115,-1.57239
-0.513839,-1.51944
-0.529033,-1.46502
-0.543683,-1.40918
-0.557775,-1.352
-0.571295,-1.29351
-0.58423,-1.2338
-0.596568,-1.17291
-0.608297,-1.1109
-0.619406,-1.04785
-0.629885,-0.983816
-0.639723,-0.91886
-0.648912,-0.85305
-0.657442,-0.786453
-0.665307,-0.719136
-0.672498,-0.651167
-0.67901,-0.582614
-0.684836,-0.513548
-0.689971,-0.444038
-0.694412,-0.374152
-0.698153,-0.303963
-0.701193,-0.23354
-0.703528,-0.162953
-0.705158,-0.0922745
-0.706081,-0.0215742
-0.706296,0.049077
-0.705806,0.119608
-0.704609,0.18995
-0.70271,0.260031
-0.70011,0.329782
-0.696812,0.399133
-0.69282,0.468016
-0.68814,0.536362
-0.682777,0.604103
-0.676736,0.671173
-0.670024,0.737504
-0.662649,0.803031
-0.654619,0.86769
-0.645942,0.931417
-0.636627,0.994148
-0.626686,1.05582
-0.616128,1.11638
-0.604964,1.17576
-0.593206,1.2339
-0.580867,1.29076
-0.56796,1.34626
-0.554497,1.40037
-0.540493,1.45301
-0.525963,1.50416
-0.510922,1.55375
-0.495384,1.60173
-0.479367,1.64807
-0.462886,1.69271
-0.445959,1.73561
-0.428603,1.77673
-0.410836,1.81604
-0.392675,1.85349
-0.37414,1.88905
-0.35525,1.92269
-0.336023,1.95437
-0.316479,1.98406
-0.296639,2.01174
-0.276521,2.03738
-0.256148,2.06096
-0.235538,2.08245
-0.214713,2.10184
-0.193695,2.11911
-0.172504,2.13424
-0.151161,2.14722
-0.129689,2.15804
-0.108109,2.1667
-0.0864418,2.17317
-0.0647101,2.17747
-0.0429353,2.17959
-0.0211395,2.17952
0.000655766,2.17728
0.0224285,2.17286
0.0441571,2.16627
0.0658198,2.15752
0.087395,2.14662
0.108861,2.13359
0.130197,2.11844
0.151382,2.10118
0.172393,2.08184
0.193212,2.06044
0.213816,2.037
0.234186,2.01154
0.254301,1.9841
0.274142,1.9547
0.293689,1.92338
0.312923,1.89016
0.331825,1.85509
0.350376,1.8182
0.368558,1.77952
0.386353,1.73911
0.403744,1.69699
0.420714,1.65322
0.437246,1.60785
0.453325,1.56091
0.468934,1.51245
0.484058,1.46253
0.498684,1.4112
0.512796,1.35851
0.526381,1.30452
0.539426,1.24927
0.551919,1.19283
0.563847,1.13525
0.575199,1.07659
0.585965,1.01692
0.596134,0.956291
0.605697,0.894765
0.614645,0.832406
0.622969,0.769277
0.630662,0.705441
0.637716,0.640964
0.644126,0.575911
0.649885,0.510346
0.654988,0.444337
0.659432,0.377949
0.663211,0.31125
0.666324,0.244307
0.668767,0.177186
0.670539,0.109955
0.671638,0.0426809
0.672065,-0.0245683
0.671819,-0.0917256
0.670902,-0.158724
0.669315,-0.225497
0.66706,-0.291977
0.66414,-0.358099
0.660559,-0.423797
0.656321,-0.489006
0.651431,-0.55366
0.645895,-0.617696
0.639718,-0.68105
0.632907,-0.743659
0.625471,-0.805463
0.617416,-0.866399
0.608752,-0.926408
0.599488,-0.98543
0.589634,-1.04341
0.579199,-1.10028
0.568197,-1.156
0.556637,-1.21051
0.544531,-1.26375
0.531894,-1.31568
0.518737,-1.36624
0.505075,-1.41538
0.490921,-1.46306
0.47629,-1.50922
0.461198,-1.55383
0.44566,-1.59684
0.429691,-1.63822
0.413309,-1.67791
0.39653,-1.71588
0.379371,-1.75211
0.36185,-1.78654
0.343985,-1.81915
0.325793,-1.84991
0.307294,-1.87879
0.288506,-1.90576
0.269449,-1.9308
0.250141,-1.95388
0.230602,-1.97499
0.210852,-1.9941
0.190911,-2.0112
0.170799,-2.02627
0.150536,-2.03929
0.130143,-2.05027
0.109641,-2.05918
0.0890488,-2.06603
0.0683886,-2.0708
0.0476805,-2.0735
0.0269456,-2.07412
0.00620435,-2.07267
-0.0145223,-2.06914
-0.0352137,-2.06355
-0.0558492,-2.0559
-0.0764083,-2.04621
-0.0968703,-2.03447
-0.117215,-2.02072
-0.137422,-2.00495
-0.157472,-1.9872
-0.177344,-1.96748
-0.197019,-1.94581
-0.216477,-1.92222
-0.235699,-1.89672
-0.254666,-1.86936
-0.27336,-1.84016
-0.291761,-1.80914
-0.309853,-1.77635
-0.327616,-1.74181
-0.345034,-1.70556
-0.36209,-1.66765
-0.378766,-1.6281
-0.395047,-1.58697
-0.410917,-1.54429
-0.42636,-1.50011
-0.441361,-1.45448
-0.455906,-1.40743
-0.46998,-1.35902
-0.48357,-1.30931
-0.496663,-1.25833
-0.509247,-1.20615
-0.521308,-1.15281
-0.532836,-1.09838
-0.54382,-1.0429
-0.554249,-0.986429
-0.564113,-0.929031
-0.573404,-0.870761
-0.582111,-0.81168
-0.590228,-0.751845
-0.597747,-0.691319
-0.60466,-0.630161
-0.610961,-0.568435
-0.616646,-0.506202
-0.621708,-0.443525
-0.626143,-0.380467
-0.629948,-0.317092
-0.633119,-0.253463
-0.635653,-0.189644
-0.63755,-0.1257
-0.638807,-0.0616932
-0.639424,0.00231087
-0.6394,0.0662486
-0.638738,0.130056
-0.637437,0.19367
-0.635501,0.257026
-0.63293,0.320062
-0.62973,0.382715
-0.625903,0.444923
-0.621453,0.506623
-0.616387,0.567755
-0.61071,0.628258
-0.604427,0.688073
-0.597546,0.747139
-0.590075,0.8054
-0.582021,0.862797
-0.573393,0.919273
-0.5642,0.974774
-0.554453,1.02924
-0.54416,1.08263
-0.533334,1.13488
-0.521985,1.18595
-0.510126,1.23577
-0.497768,1.28431
-0.484925,1.33152
-0.471609,1.37735
-0.457836,1.42176
-0.443618,1.4647
-0.428971,1.50613
-0.41391,1.54601
-0.39845,1.58431
-0.382607,1.62099
-0.366397,1.65601
-0.349837,1.68934
-0.332943,1.72094
-0.315734,1.75079
-0.298226,1.77887
-0.280437,1.80513
-0.262386,1.82956
-0.244091,1.85214
-0.225569,1.87285
-0.206841,1.89166
-0.187924,1.90856
-0.168838,1.92354
-0.149603,1.93657
-0.130237,1.94766
-0.110761,1.95679
-0.0911929,1.96395
-0.0715534,1.96914
-0.051862,1.97236
-0.0321384,1.9736
-0.0124024,1.97287
0.00732624,1.97016
0.0270279,1.96549
0.0466827,1.95885
0.0662713,1.95027
0.085774,1.93974
0.105171,1.92728
0.124444,1.91291
0.143573,1.89664
0.16254,1.87849
0.181325,1.85848
0.199909,1.83663
0.218276,1.81297
0.236405,1.78751
0.254281,1.7603
0.271884,1.73135
0.289197,1.7007
0.306204,1.66838
0.322888,1.63442
0.339232,1.59886
0.355221,1.56174
0.370838,1.5231
0.386069,1.48297
0.400899,1.44139
0.415313,1.39842
0.429297,1.35409
0.442838,1.30845
0.455922,1.26155
0.468538,1.21344
0.480672,1.16416
0.492314,1.11376
0.503451,1.0623
0.514074,1.00983
0.524173,0.956406
0.533737,0.902076
0.542758,0.846898
0.551227,0.790929
0.559136,0.734224
0.566478,0.676842
0.573246,0.618841
0.579435,0.560278
0.585038,0.501214
0.59005,0.441708
0.594467,0.38182
0.598285,0.321609
0.601501,0.261138
0.604113,0.200465
0.606117,0.139653
0.607514,0.0787621
0.608301,0.0178532
0.60848,-0.0430126
0.60805,-0.103775
0.607012,-0.164372
0.605368,-0.224744
0.603121,-0.284832
0.600273,-0.344574
0.596827,-0.403912
0.592788,-0.462787
0.58816,-0.52114
0.582948,-0.578914
0.577159,-0.636051
0.570799,-0.692495
0.563874,-0.74819
0.556392,-0.803081
0.548361,-0.857114
0.53979,-0.910236
0.530688,-0.962394
0.521064,-1.01354
0.510928,-1.06362
0.500292,-1.11258
0.489166,-1.16039
0.477562,-1.20698
0.465493,-1.25233
0.452969,-1.29637
0.440006,-1.33907
0.426615,-1.3804
0.412811,-1.4203
0.398608,-1.45874
0.384021,-1.49568
0.369064,-1.53109
0.353753,-1.56494
0.338103,-1.59718
0.322132,-1.6278
0.305854,-1.65675
0.289286,-1.68403
0.272446,-1.70959
0.25535,-1.73341
0.238016,-1.75548
0.220461,-1.77577
0.202703,-1.79427
0.184761,-1.81095
0.166651,-1.8258
0.148393,-1.83882
0.130005,-1.84998
0.111505,-1.85928
0.0929125,-1.86671
0.0742454,-1.87227
0.0555227,-1.87595
0.0367632,-1.87775
0.0179858,-1.87767
-0.000790924,-1.87571
-0.019548,-1.87188
-0.0382669,-1.86618
-0.0569287,-1.85862
-0.0755149,-1.84921
-0.0940071,-1.83796
-0.112387,-1.82489
-0.130636,-1.81
-0.148736,-1.79332
-0.166669,-1.77486
-0.184417,-1.75464
-0.201964,-1.73269
-0.219291,-1.70903
-0.236381,-1.68368
-0.253218,-1.65667
-0.269784,-1.62804
-0.286065,-1.5978
-0.302043,-1.566
-0.317703,-1.53267
-0.333029,-1.49783
-0.348008,-1.46153
-0.362623,-1.42381
-0.376861,-1.3847
-0.390708,-1.34424
-0.40415,-1.30248
-0.417175,-1.25946
-0.42977,-1.21523
-0.441922,-1.16982
-0.45362,-1.12329
-0.464853,-1.07568
-0.47561,-1.02704
-0.48588,-0.977426
-0.495655,-0.926883
-0.504923,-0.875464
-0.513678,-0.823221
-0.52191,-0.770207
-0.529612,-0.716475
-0.536777,-0.662081
-0.543398,-0.607079
-0.549469,-0.551525
-0.554984,-0.495475
-0.559939,-0.438986
-0.564329,-0.382114
-0.56815,-0.324917
-0.571399,-0.267452
-0.574073,-0.209777
-0.576171,-0.15195
-0.577691,-0.0940294
-0.578631,-0.0360723
-0.578992,0.0218629
-0.578773,0.0797184
-0.577976,0.137436
-0.576602,0.194959
-0.574652,0.252229
-0.57213,0.30919
-0.569038,0.365785
-0.56538,0.421957
-0.56116,0.477651
-0.556384,0.532812
-0.551056,0.587384
-0.545182,0.641315
-0.538769,0.694551
-0.531823,0.747039
-0.524353,0.798727
-0.516366,0.849565
-0.50787,0.899502
-0.498875,0.94849
-0.48939,0.996481
-0.479425,1.04343
-0.468991,1.08928
-0.458098,1.134
-0.446758,1.17754
-0.434983,1.21987
-0.422784,1.26092
-0.410175,1.30068
-0.397168,1.3391
-0.383777,1.37614
-0.370016,1.41176
-0.355898,1.44594
-0.341439,1.47864
-0.326652,1.50982
-0.311554,1.53947
-0.296159,1.56755
-0.280484,1.59403
-0.264544,1.61889
-0.248355,1.6421
-0.231934,1.66365
-0.215297,1.68352
-0.198462,1.70168
-0.181445,1.71813
-0.164264,1.73283
-0.146936,1.74579
-0.129478,1.757
-0.111908,1.76643
-0.0942434,1.77409
-0.0765025,1.77996
-0.0587029,1.78405
-0.0408623,1.78636
-0.0229987,1.78687
-0.00513003,1.7856
0.0127259,1.78254
0.0305513,1.7777
0.0483283,1.77109
0.0660392,1.76272
0.0836664,1.75259
0.101192,1.74071
0.118599,1.72711
0.135871,1.7118
0.152989,1.69479
0.169936,1.6761
0.186697,1.65575
0.203255,1.63377
0.219593,1.61018
0.235694,1.585
0.251544,1.55826
0.267127,1.52999
0.282427,1.50022
0.297429,1.46897
0.312119,1.43629
0.326482,1.40221
0.340504,1.36676
0.354172,1.32997
0.367471,1.2919
0.38039,1.25256
0.392916,1.21202
0.405036,1.1703
0.416739,1.12746
0.428014,1.08353
0.438849,1.03856
0.449235,0.992601
0.459161,0.945692
0.468618,0.897885
0.477596,0.849228
0.486089,0.799769
0.494086,0.749561
0.501582,0.698653
0.508569,0.647098
0.51504,0.594947
0.520989,0.542253
0.526412,0.489069
0.531302,0.43545
0.535657,0.381449
0.539471,0.32712
0.542742,0.272519
0.545468,0.2177
0.547645,0.162718
0.549272,0.107628
0.550348,0.0524853
0.550873,-0.00265444
0.550846,-0.0577364
0.550269,-0.112706
0.549142,-0.167507
0.547467,-0.222086
0.545246,-0.276389
0.542482,-0.330361
0.539179,-0.383948
0.535339,-0.437098
0.530968,-0.489758
0.52607,-0.541875
0.520652,-0.593398
0.514718,-0.644277
0.508275,-0.69446
0.50133,-0.743898
0.493891,-0.792544
0.485966,-0.840348
0.477562,-0.887264
0.46869,-0.933245
0.459357,-0.978248
0.449575,-1.02223
0.439353,-1.06514
0.428701,-1.10695
0.417632,-1.1476
0.406156,-1.18707
0.394285,-1.22531
0.382032,-1.26229
0.369409,-1.29797
0.356429,-1.33231
0.343106,-1.36529
0.329453,-1.39687
0.315485,-1.42702
0.301214,-1.45572
0.286657,-1.48293
0.271828,-1.50863
0.256742,-1.53279
0.241414,-1.5554
0.22586,-1.57643
0.210096,-1.59586
0.194137,-1.61368
0.178,-1.62987
0.161701,-1.64441
0.145257,-1.65729
0.128684,-1.6685
0.111999,-1.67803
0.095219,-1.68588
0.0783603,-1.69203
0.06144,-1.69648
0.0444752,-1.69923
0.0274829,-1.70028
0.0104801,-1.69963
-0.00651615,-1.69728
-0.0234889,-1.69323
-0.0404212,-1.68749
-0.0572961,-1.68008
-0.0740969,-1.67099
-0.0908068,-1.66024
-0.107409,-1.64783
-0.123887,-1.6338
-0.140225,-1.61814
-0.156407,-1.60088
-0.172416,-1.58204
-0.188236,-1.56163
-0.203852,-1.53969
-0.219249,-1.51622
-0.234412,-1.49127
-0.249324,-1.46484
-0.263973,-1.43698
-0.278342,-1.40771
-0.292419,-1.37706
-0.30619,-1.34506
-0.319641,-1.31175
-0.332758,-1.27717
-0.34553,-1.24134
-0.357943,-1.2043
-0.369986,-1.1661
-0.381647,-1.12677
-0.392915,-1.08635
-0.403778,-1.04488
-0.414227,-1.00242
-0.424251,-0.958989
-0.433841,-0.914646
-0.442988,-0.869432
-0.451682,-0.823395
-0.459916,-0.77658
-0.467682,-0.729035
-0.474972,-0.680809
-0.48178,-0.63195
-0.4881,-0.582508
-0.493925,-0.532533
-0.49925,-0.482075
-0.504071,-0.431186
-0.508383,-0.379917
-0.512182,-0.328319
-0.515465,-0.276444
-0.51823,-0.224344
-0.520473,-0.172073
-0.522194,-0.119681
-0.52339,-0.0672226
-0.524063,-0.0147491
-0.52421,0.0376866
-0.523833,0.0900323
-0.522933,0.142236
-0.521511,0.194244
-0.519568,0.246007
-0.517108,0.297472
-0.514133,0.348588
-0.510648,0.399304
-0.506655,0.44957
-0.502159,0.499336
-0.497165,0.548553
-0.49168,0.597173
-0.485708,0.645147
-0.479257,0.692427
-0.472332,0.738968
-0.464943,0.784723
-0.457096,0.829648
-0.448799,0.873698
-0.440062,0.916831
-0.430894,0.959003
-0.421304,1.00017
-0.411302,1.0403
-0.400899,1.07935
-0.390105,1.11729
-0.378933,1.15406
-0.367392,1.18965
-0.355495,1.22401
-0.343255,1.25711
-0.330684,1.28892
-0.317795,1.31941
-0.304601,1.34855
-0.291116,1.37631
-0.277352,1.40267
-0.263326,1.4276
-0.24905,1.45108
-0.234539,1.47308
-0.219808,1.49359
-0.204872,1.51258
-0.189746,1.53005
-0.174446,1.54596
-0.158986,1.56031
-0.143383,1.57309
-0.127652,1.58428
-0.111809,1.59388
-0.0958705,1.60187
-0.0798518,1.60826
-0.0637692,1.61303
-0.047639,1.61618
-0.0314772,1.61771
-0.0153001,1.61762
0.000876066,1.61591
0.0170352,1.6126
0.0331612,1.60767
0.0492378,1.60114
0.0652492,1.59301
0.0811793,1.5833
0.0970123,1.57201
0.112732,1.55917
0.128324,1.54478
0.143772,1.52885
0.15906,1.51142
0.174175,1.49249
0.189099,1.47209
0.20382,1.45023
0.218323,1.42695
0.232592,1.40227
0.246615,1.3762
0.260377,1.34879
0.273865,1.32005
0.287065,1.29003
0.299966,1.25874
0.312553,1.22623
0.324815,1.19252
0.33674,1.15765
0.348317,1.12166
0.359534,1.08459
0.370379,1.04646
0.380844,1.00733
0.390917,0.967234
0.40059,0.926208
0.409852,0.884297
0.418695,0.841543
0.42711,0.797991
0.43509,0.753684
0.442627,0.708667
0.449714,0.662987
0.456344,0.61669
0.46251,0.569822
0.468209,0.522431
0.473433,0.474566
0.478179,0.426273
0.482441,0.377603
0.486217,0.328603
0.489503,0.279325
0.492297,0.229816
0.494595,0.180126
0.496396,0.130306
0.497699,0.0804063
0.498503,0.0304756
0.498808,-0.0194357
0.498614,-0.0692776
0.497921,-0.119
0.496731,-0.168555
0.495045,-0.21789
0.492866,-0.266959
0.490197,-0.315712
0.48704,-0.3641
0.483399,-0.412076
0.479278,-0.459592
0.474682,-0.5066
0.469616,-0.553055
0.464085,-0.598911
0.458096,-0.644121
0.451655,-0.688643
0.444769,-0.732431
0.437444,-0.775443
0.42969,-0.817637
0.421514,-0.85897
0.412924,-0.899404
0.40393,-0.938897
0.394541,-0.977413
0.384767,-1.01491
0.374618,-1.05136
0.364104,-1.08672
0.353237,-1.12095
0.342027,-1.15404
0.330487,-1.18593
0.318628,-1.21661
0.306462,-1.24604
0.294001,-1.27419
0.281259,-1.30104
0.268249,-1.32657
0.254983,-1.35074
0.241476,-1.37354
0.22774,-1.39494
0.213791,-1.41492
0.199642,-1.43347
0.185307,-1.45057
0.170801,-1.4662
0.156139,-1.48034
0.141336,-1.493
0.126406,-1.50415
0.111365,-1.51378
0.0962268,-1.52189
0.081008,-1.52847
0.0657233,-1.53351
0.0503882,-1.53701
0.0350181,-1.53898
0.0196283,-1.5394
0.00423428,-1.53829
-0.0111486,-1.53563
-0.0265049,-1.53145
-0.0418194,-1.52573
-0.0570768,-1.5185
-0.0722618,-1.50976
-0.0873593,-1.49951
-0.102354,-1.48778
-0.117232,-1.47456
-0.131978,-1.45989
-0.146577,-1.44377
-0.161015,-1.42623
-0.175277,-1.40728
-0.18935,-1.38693
-0.203219,-1.36522
-0.216871,-1.34217
-0.230293,-1.3178
-0.243471,-1.29214
-0.256392,-1.2652
-0.269044,-1.23703
-0.281415,-1.20766
-0.293491,-1.1771
-0.305262,-1.1454
-0.316716,-1.11258
-0.327842,-1.07868
-0.338629,-1.04374
-0.349066,-1.00779
-0.359144,-0.970868
-0.368853,-0.933012
-0.378183,-0.894261
-0.387125,-0.854654
-0.395672,-0.814232
-0.403814,-0.773037
-0.411545,-0.731109
-0.418856,-0.688492
-0.425741,-0.64523
-0.432193,-0.601365
-0.438207,-0.556943
-0.443776,-0.512009
-0.448896,-0.466607
-0.453562,-0.420784
-0.45777,-0.374586
-0.461516,-0.32806
-0.464797,-0.281253
-0.467609,-0.23421
-0.469951,-0.186981
-0.471821,-0.139612
-0.473217,-0.0921507
-0.474139,-0.0446446
-0.474585,0.00285851
-0.474557,0.0503113
-0.474053,0.0976663
-0.473077,0.144876
-0.471628,0.191894
-0.469709,0.238673
-0.467322,0.285167
-0.464471,0.331329
-0.461157,0.377113
-0.457386,0.422475
-0.453161,0.467368
-0.448488,0.51175
-0.44337,0.555575
-0.437815,0.598801
-0.431827,0.641385
-0.425413,0.683285
-0.41858,0.724459
-0.411335,0.764868
-0.403687,0.804472
-0.395642,0.843232
-0.38721,0.88111
-0.378398,0.918068
-0.369218,0.954072
-0.359677,0.989086
-0.349786,1.02308
-0.339555,1.05601
-0.328995,1.08785
-0.318117,1.11858
-0.306931,1.14815
-0.29545,1.17655
-0.283684,1.20374
-0.271647,1.2297
-0.25935,1.2544
-0.246806,1.27783
-0.234027,1.29996
-0.221028,1.32076
-0.20782,1.34022
-0.194418,1.35832
-0.180835,1.37505
-0.167084,1.39038
-0.153181,1.40431
-0.139138,1.41682
-0.124969,1.4279
-0.11069,1.43754
-0.096315,1.44573
-0.0818577,1.45247
-0.0673329,1.45775
-0.0527554,1.46157
-0.0381397,1.46392
-0.0235005,1.46481
-0.00885238,1.46423
0.00578991,1.46219
0.0204118,1.45868
0.0349986,1.45372
0.0495359,1.44732
0.064009,1.43947
0.0784037,1.43019
0.0927056,1.41949
0.1069,1.40738
0.120974,1.39387
0.134913,1.37899
0.148703,1.36274
0.16233,1.34514
0.175782,1.32622
0.189044,1.30599
0.202104,1.28447
0.214949,1.26169
0.227566,1.23768
0.239942,1.21244
0.252067,1.18602
0.263927,1.15845
0.275511,1.12974
0.286809,1.09993
0.297808,1.06905
0.308499,1.03713
0.31887,1.0042
0.328912,0.970307
0.338615,0.935475
0.34797,0.899743
0.356967,0.863146
0.365599,0.825723
0.373856,0.787512
0.381731,0.748551
0.389216,0.708881
0.396305,0.668542
0.402991,0.627574
0.409266,0.58602
0.415127,0.543921
0.420566,0.501321
0.425579,0.458262
0.430162,0.414787
0.434309,0.370941
0.438019,0.326769
0.441287,0.282313
0.44411,0.23762
0.446486,0.192734
0.448413,0.1477
0.44989,0.102563
0.450916,0.0573687
0.45149,0.0121624
0.451611,-0.0330109
0.451281,-0.078106
0.4505,-0.123078
0.449269,-0.167882
0.44759,-0.212473
0.445466,-0.256807
0.442898,-0.30084
0.439889,-0.344528
0.436444,-0.387828
0.432566,-0.430697
0.428259,-0.473092
0.423528,-0.514971
0.418378,-0.556294
0.412815,-0.59702
0.406845,-0.637107
0.400474,-0.676517
0.393709,-0.715212
0.386557,-0.753152
0.379025,-0.790301
0.371122,-0.826623
0.362856,-0.862082
0.354235,-0.896644
0.345269,-0.930274
0.335966,-0.96294
0.326336,-0.994611
0.31639,-1.02526
0.306138,-1.05484
0.295589,-1.08335
0.284756,-1.11074
0.273648,-1.13699
0.262278,-1.16209
0.250658,-1.18599
0.238798,-1.20868
0.226711,-1.23014
0.214409,-1.25036
0.201906,-1.2693
0.189213,-1.28695
0.176343,-1.3033
0.16331,-1.31832
0.150127,-1.33202
0.136807,-1.34437
0.123363,-1.35536
0.10981,-1.36498
0.09616,-1.37323
0.0824277,-1.3801
0.0686266,-1.38559
0.0547707,-1.38968
0.040874,-1.39238
0.0269502,-1.39368
0.0130134,-1.39359
-0.000922454,-1.3921
-0.0148435,-1.38922
-0.0287357,-1.38496
-0.0425853,-1.37932
-0.0563785,-1.3723
-0.0701015,-1.36392
-0.0837407,-1.35418
-0.0972825,-1.3431
-0.110713,-1.33068
-0.12402,-1.31695
-0.13719,-1.30191
-0.150209,-1.28559
-0.163065,-1.268
-0.175745,-1.24916
-0.188236,-1.22908
-0.200527,-1.2078
-0.212605,-1.18533
-0.224459,-1.1617
-0.236076,-1.13693
-0.247445,-1.11105
-0.258556,-1.08409
-0.269396,-1.05606
-0.279957,-1.02701
-0.290227,-0.996961
-0.300197,-0.965944
-0.309856,-0.933992
-0.319196,-0.901139
-0.328207,-0.867417
-0.336882,-0.832861
-0.34521,-0.797508
-0.353185,-0.761391
-0.360799,-0.72455
-0.368045,-0.687021
-0.374915,-0.648843
-0.381403,-0.610053
-0.387504,-0.570693
-0.393211,-0.530801
-0.398519,-0.490418
-0.403423,-0.449586
-0.407919,-0.408344
-0.412002,-0.366736
-0.41567,-0.324802
-0.418918,-0.282585
-0.421744,-0.240128
-0.424145,-0.197474
-0.42612,-0.154664
-0.427666,-0.111743
-0.428784,-0.068753
-0.429471,-0.0257371
-0.429729,0.0172615
-0.429556,0.0601998
-0.428954,0.103035
-0.427924,0.145724
-0.426466,0.188225
-0.424584,0.230495
-0.422279,0.272493
-0.419554,0.314176
-0.416413,0.355503
-0.412857,0.396433
-0.408893,0.436926
-0.404524,0.476941
-0.399754,0.51644
-0.39459,0.555383
-0.389036,0.593731
-0.383099,0.631447
-0.376784,0.668494
-0.3701,0.704835
-0.363051,0.740436
-0.355647,0.77526
-0.347894,0.809274
-0.339801,0.842445
-0.331377,0.87474
-0.32263,0.906128
-0.313568,0.936579
-0.304203,0.966063
-0.294542,0.994551
-0.284596,1.02202
-0.274376,1.04843
-0.263892,1.07377
-0.253154,1.09801
-0.242174,1.12113
-0.230963,1.14311
-0.219532,1.16392
-0.207892,1.18354
-0.196057,1.20197
-0.184037,1.21917
-0.171846,1.23513
-0.159494,1.24985
-0.146996,1.2633
-0.134363,1.27547
-0.121608,1.28636
-0.108745,1.29594
-0.0957852,1.30423
-0.0827429,1.3112
-0.069631,1.31685
-0.0564625,1.32118
-0.0432507,1.32418
-0.0300089,1.32586
-0.0167503,1.32621
-0.00348824,1.32523
0.00976406,1.32293
0.0229933,1.31931
0.0361864,1.31437
0.0493301,1.30812
0.0624113,1.30057
0.075417,1.29173
0.0883343,1.2816
0.10115,1.27021
0.113852,1.25755
0.126428,1.24365
0.138864,1.22852
0.15115,1.21218
0.163271,1.19464
0.175218,1.17592
0.186977,1.15605
0.198538,1.13504
0.209888,1.11292
0.221017,1.0897
0.231914,1.06542
0.242568,1.0401
0.252969,1.01376
0.263107,0.986436
0.272971,0.958152
0.282553,0.928939
0.291842,0.898826
0.30083,0.867844
0.309509,0.836025
0.317869,0.803402
0.325903,0.770008
0.333603,0.735878
0.340962,0.701046
0.347972,0.665548
0.354628,0.629419
0.360922,0.592698
0.366849,0.55542
0.372403,0.517624
0.37758,0.479349
0.382373,0.440632
0.386779,0.401514
0.390794,0.362033
0.394415,0.322229
0.397637,0.282143
0.400459,0.241815
0.402877,0.201286
0.40489,0.160595
0.406495,0.119785
0.407693,0.0788961
0.408482,0.037969
0.408862,-0.00295515
0.408832,-0.0438354
0.408394,-0.084631
0.407548,-0.125301
0.406295,-0.165805
0.404637,-0.206103
0.402576,-0.246155
0.400114,-0.28592
0.397255,-0.325359
0.394001,-0.364434
0.390357,-0.403106
0.386326,-0.441335
0.381913,-0.479085
0.377122,-0.516318
0.371959,-0.552998
0.366429,-0.589087
0.360538,-0.624552
0.354292,-0.659357
0.347699,-0.693467
0.340764,-0.72685
0.333495,-0.759473
0.325901,-0.791303
0.317988,-0.822311
0.309765,-0.852465
0.30124,-0.881737
0.292423,-0.910097
0.283322,-0.937519
0.273946,-0.963976
0.264307,-0.989443
0.254412,-1.01389
0.244273,-1.03731
0.2339,-1.05966
0.223304,-1.08093
0.212494,-1.1011
0.201483,-1.12015
0.190282,-1.13806
0.178901,-1.15481
0.167353,-1.17039
0.155649,-1.18478
0.143801,-1.19798
0.131822,-1.20996
0.119722,-1.22072
0.107515,-1.23026
0.0952122,-1.23855
0.0828268,-1.24559
0.0703709,-1.25138
0.0578571,-1.25592
0.0452979,-1.25919
0.032706,-1.2612
0.020094,-1.26195
0.0074745,-1.26143
-0.00513985,-1.25966
-0.0177364,-1.25663
-0.0303027,-1.25234
-0.0428261,-1.2468
-0.0552941,-1.24003
-0.0676944,-1.23202
-0.0800146,-1.22279
-0.0922425,-1.21234
-0.104366,-1.20069
-0.116373,-1.18785
-0.128251,-1.17384
-0.13999,-1.15867
-0.151576,-1.14235
-0.163,-1.12491
-0.174249,-1.10636
-0.185312,-1.08672
-0.19618,-1.06601
-0.20684,-1.04426
-0.217282,-1.02149
-0.227497,-0.997721
-0.237475,-0.972976
-0.247204,-0.947282
-0.256677,-0.920667
-0.265884,-0.893158
-0.274815,-0.864784
-0.283463,-0.835573
-0.291819,-0.805555
-0.299875,-0.774762
-0.307622,-0.743225
-0.315054,-0.710977
-0.322164,-0.678049
-0.328945,-0.644477
-0.335389,-0.610293
-0.341492,-0.575534
-0.347248,-0.540233
-0.35265,-0.504428
-0.357694,-0.468154
-0.362376,-0.431449
-0.36669,-0.394348
-0.370634,-0.35689
-0.374203,-0.319113
-0.377394,-0.281055
-0.380204,-0.242753
-0.382632,-0.204247
-0.384674,-0.165576
-0.38633,-0.126777
-0.387598,-0.0878904
-0.388477,-0.0489548
-0.388966,-0.0100092
-0.389066,0.0289074
-0.388777,0.0677562
-0.3881,0.106498
-0.387035,0.145095
-0.385584,0.183509
-0.383749,0.2217
-0.381532,0.259632
-0.378935,0.297266
-0.375963,0.334565
-0.372617,0.371492
-0.368902,0.40801
-0.364822,0.444085
-0.360381,0.479679
-0.355585,0.514757
-0.350437,0.549286
-0.344944,0.583231
-0.339112,0.616559
-0.332946,0.649237
-0.326454,0.681234
-0.319641,0.712517
-0.312516,0.743056
-0.305086,0.772821
-0.297358,0.801784
-0.28934,0.829916
-0.281041,0.85719
-0.272469,0.88358
-0.263633,0.90906
-0.254542,0.933605
-0.245206,0.957192
-0.235634,0.979798
-0.225836,1.0014
-0.215822,1.02198
-0.205602,1.04152
-0.195187,1.06
-0.184587,1.0774
-0.173813,1.0937
-0.162876,1.10889
-0.151787,1.12296
-0.140558,1.1359
-0.129199,1.14768
-0.117722,1.15831
-0.106139,1.16776
-0.0944612,1.17604
-0.0827008,1.18313
-0.0708694,1.18904
-0.0589791,1.19375
-0.0470416,1.19726
-0.035069,1.19957
-0.0230734,1.20067
-0.0110666,1.20058
0.000939189,1.19929
0.012932,1.19679
0.0249,1.19311
0.036831,1.18823
0.0487134,1.18217
0.0605351,1.17494
0.0722844,1.16653
0.0839497,1.15697
0.0955194,1.14626
0.106982,1.13442
0.118326,1.12145
0.129541,1.10737
0.140614,1.09221
0.151537,1.07596
0.162296,1.05865
0.172883,1.04031
0.183286,1.02094
0.193495,1.00057
0.203501,0.979217
0.213293,0.956909
0.222862,0.933666
0.232199,0.909512
0.241294,0.884473
0.250139,0.858575
0.258724,0.831844
0.267043,0.804308
0.275086,0.775995
0.282846,0.746934
0.290315,0.717156
0.297487,0.68669
0.304354,0.655568
0.310909,0.623821
0.317147,0.591483
0.323062,0.558585
0.328648,0.525162
0.3339,0.491247
0.338812,0.456874
0.343381,0.422079
0.347602,0.386897
0.351471,0.351363
0.354984,0.315513
0.35814,0.279384
0.360933,0.243011
0.363363,0.206432
0.365428,0.169682
0.367125,0.1328
0.368453,0.0958222
0.369411,0.0587853
0.369999,0.0217267
0.370216,-0.0153166
0.370063,-0.0523076
0.36954,-0.0892093
0.368648,-0.125985
0.367388,-0.162598
0.365762,-0.199011
0.363772,-0.235189
0.36142,-0.271096
0.358709,-0.306696
0.355642,-0.341953
0.352222,-0.376834
0.348454,-0.411302
0.344341,-0.445325
