theta,omega
0.785398,0
0.785051,-0.0693592
0.784011,-0.13867
0.782278,-0.207885
0.779854,-0.276955
0.77674,-0.345832
0.772938,-0.414467
0.768451,-0.48281
0.763283,-0.550813
0.757436,-0.618426
0.750916,-0.685598
0.743726,-0.752278
0.735872,-0.818415
0.72736,-0.883957
0.718195,-0.948851
0.708385,-1.01304
0.697937,-1.07648
0.686858,-1.13911
0.675158,-1.20088
0.662844,-1.26172
0.649926,-1.32159
0.636415,-1.38043
0.622321,-1.43818
0.607656,-1.49478
0.59243,-1.55018
0.576656,-1.60431
0.560348,-1.65713
0.543518,-1.70857
0.526181,-1.75858
0.508352,-1.80709
0.490045,-1.85406
0.471276,-1.89942
0.452062,-1.94312
0.432419,-1.9851
0.412366,-2.02532
0.391919,-2.06372
0.371098,-2.10024
0.349921,-2.13485
0.328407,-2.16749
0.306577,-2.19812
0.284452,-2.22669
0.262051,-2.25317
0.239395,-2.27751
0.216508,-2.29968
0.193409,-2.31964
0.170122,-2.33738
0.146669,-2.35285
0.123073,-2.36604
0.0993561,-2.37693
0.075542,-2.3855
0.0516539,-2.39174
0.0277151,-2.39563
0.00374914,-2.39717
-0.0202205,-2.39636
-0.0441703,-2.3932
-0.0680768,-2.3877
-0.0919165,-2.37986
-0.115666,-2.3697
-0.139303,-2.35722
-0.162803,-2.34246
-0.186144,-2.32543
-0.209304,-2.30616
-0.23226,-2.28468
-0.25499,-2.26101
-0.277473,-2.2352
-0.299687,-2.20728
-0.321612,-2.17729
-0.343226,-2.14527
-0.364511,-2.11128
-0.385446,-2.07535
-0.406012,-2.03753
-0.42619,-1.99788
-0.445963,-1.95644
-0.465313,-1.91327
-0.484223,-1.86842
-0.502676,-1.82195
-0.520657,-1.77391
-0.538149,-1.72437
-0.555139,-1.67337
-0.571612,-1.62098
-0.587554,-1.56725
-0.602953,-1.51224
-0.617795,-1.45601
-0.632069,-1.39861
-0.645764,-1.34011
-0.658868,-1.28056
-0.671371,-1.22001
-0.683265,-1.15853
-0.694539,-1.09616
-0.705185,-1.03297
-0.715196,-0.969008
-0.724563,-0.904327
-0.73328,-0.838982
-0.741341,-0.773026
-0.748739,-0.70651
-0.755469,-0.639487
-0.761527,-0.572007
-0.766908,-0.50412
-0.771608,-0.435878
-0.775624,-0.367329
-0.778954,-0.298522
-0.781594,-0.229507
-0.783544,-0.160333
-0.7848,-0.0910467
-0.785364,-0.0216974
-0.785234,0.0476669
-0.784411,0.116998
-0.782895,0.186248
-0.780686,0.255369
-0.777788,0.324311
-0.774201,0.393027
-0.769928,0.461467
-0.764973,0.529582
-0.759338,0.597322
-0.753028,0.664637
-0.746047,0.731477
-0.7384,0.797789
-0.730093,0.863523
-0.721132,0.928625
-0.711523,0.993043
-0.701273,1.05672
-0.690391,1.11961
-0.678884,1.18165
-0.666761,1.24279
-0.654031,1.30297
-0.640705,1.36214
-0.626792,1.42023
-0.612304,1.4772
-0.597252,1.53298
-0.581648,1.58752
-0.565506,1.64076
-0.548838,1.69263
-0.531658,1.74309
-0.513981,1.79208
-0.495821,1.83954
-0.477195,1.8854
-0.458119,1.92963
-0.438608,1.97216
-0.418682,2.01293
-0.398356,2.05191
-0.37765,2.08902
-0.356582,2.12424
-0.335171,2.1575
-0.313438,2.18876
-0.291403,2.21798
-0.269086,2.24511
-0.246508,2.27012
-0.223691,2.29298
-0.200656,2.31364
-0.177425,2.33207
-0.154022,2.34826
-0.130468,2.36216
-0.106786,2.37377
-0.0829999,2.38307
-0.0591325,2.39004
-0.035207,2.39466
-0.011247,2.39694
0.012724,2.39687
0.0366825,2.39444
0.060605,2.38967
0.0844682,2.38256
0.108249,2.37313
0.131923,2.36137
0.155468,2.34732
0.178862,2.331
0.202081,2.31243
0.225103,2.29163
0.247906,2.26864
0.270469,2.2435
0.292769,2.21624
0.314786,2.18689
0.3365,2.1555
0.35789,2.12212
0.378936,2.08679
0.399619,2.04956
0.419921,2.01047
0.439823,1.96959
0.459307,1.92695
0.478356,1.88262
0.496954,1.83666
0.515084,1.7891
0.532731,1.74003
0.54988,1.68948
0.566516,1.63751
0.582625,1.5842
0.598195,1.52958
0.613213,1.47372
0.627666,1.41669
0.641543,1.35852
0.654833,1.29929
0.667525,1.23905
0.679611,1.17786
0.69108,1.11576
0.701923,1.05282
0.712133,0.989095
0.721703,0.924633
0.730624,0.85949
0.73889,0.793719
0.746496,0.727373
0.753436,0.660503
0.759705,0.59316
0.765298,0.525395
0.770211,0.457259
0.774442,0.3888
0.777986,0.320069
0.780843,0.251114
0.783008,0.181984
0.784482,0.112728
0.785262,0.0433933
0.78535,-0.0259714
0.784743,-0.0953182
0.783443,-0.164599
0.781451,-0.233765
0.778769,-0.302768
0.775397,-0.37156
0.771338,-0.440092
0.766596,-0.508314
0.761173,-0.576177
0.755074,-0.64363
0.748302,-0.710624
0.740863,-0.777107
0.732762,-0.843027
0.724005,-0.908332
0.714597,-0.97297
0.704548,-1.03689
0.693862,-1.10003
0.68255,-1.16234
0.670618,-1.22377
0.658078,-1.28425
0.644937,-1.34374
0.631206,-1.40218
0.616897,-1.45951
0.60202,-1.51566
0.586588,-1.5706
0.570612,-1.62425
0.554107,-1.67655
0.537086,-1.72746
0.519563,-1.77692
0.501552,-1.82486
0.483071,-1.87123
0.464133,-1.91598
0.444757,-1.95904
0.424958,-2.00037
0.404755,-2.03991
0.384166,-2.07762
0.363209,-2.11343
0.341904,-2.14731
0.32027,-2.1792
0.298327,-2.20906
0.276096,-2.23685
0.253597,-2.26253
0.230852,-2.28606
0.207883,-2.30741
0.184711,-2.32655
0.161359,-2.34344
0.13785,-2.35806
0.114206,-2.37039
0.09045,-2.38041
0.0666054,-2.38811
0.0426956,-2.39347
0.0187439,-2.39648
-0.0052262,-2.39714
-0.0291911,-2.39546
-0.0531275,-2.39142
-0.0770117,-2.38504
-0.10082,-2.37633
-0.124531,-2.3653
-0.148119,-2.35196
-0.171562,-2.33635
-0.194838,-2.31848
-0.217924,-2.29837
-0.240798,-2.27607
-0.263438,-2.2516
-0.285823,-2.22499
-0.307931,-2.19629
-0.329742,-2.16554
-0.351235,-2.13278
-0.372391,-2.09805
-0.39319,-2.06141
-0.413613,-2.02289
-0.433642,-1.98257
-0.453258,-1.94047
-0.472446,-1.89667
-0.491186,-1.85121
-0.509464,-1.80415
-0.527264,-1.75554
-0.54457,-1.70544
-0.561368,-1.65392
-0.577644,-1.60102
-0.593384,-1.5468
-0.608576,-1.49133
-0.623207,-1.43465
-0.637265,-1.37683
-0.65074,-1.31793
-0.66362,-1.258
-0.675896,-1.1971
-0.687559,-1.13528
-0.698599,-1.0726
-0.709008,-1.00911
-0.718779,-0.944872
-0.727903,-0.879936
-0.736375,-0.814356
-0.744188,-0.748185
-0.751337,-0.681473
-0.757816,-0.614272
-0.763621,-0.546634
-0.768748,-0.478608
-0.773192,-0.410245
-0.776952,-0.341594
-0.780023,-0.272704
-0.782405,-0.203624
-0.784095,-0.134402
-0.785093,-0.0650863
-0.785397,0.00427421
-0.785007,0.0736318
-0.783924,0.142938
-0.782149,0.212145
-0.779682,0.281205
-0.776525,0.350068
-0.772681,0.418687
-0.768153,0.487011
-0.762942,0.554991
-0.757054,0.622578
-0.750492,0.689721
-0.743261,0.756369
-0.735367,0.822471
-0.726814,0.887975
-0.717609,0.952827
-0.70776,1.01697
-0.697272,1.08036
-0.686155,1.14294
-0.674416,1.20465
-0.662065,1.26544
-0.649111,1.32525
-0.635564,1.38402
-0.621434,1.4417
-0.606734,1.49823
-0.591474,1.55355
-0.575667,1.60761
-0.559326,1.66034
-0.542465,1.71169
-0.525097,1.76161
-0.507237,1.81003
-0.488901,1.8569
-0.470105,1.90216
-0.450864,1.94575
-0.431195,1.98763
-0.411117,2.02774
-0.390647,2.06602
-0.369803,2.10243
-0.348604,2.13692
-0.327071,2.16944
-0.305222,2.19994
-0.283079,2.22838
-0.260662,2.25473
-0.237992,2.27893
-0.21509,2.30097
-0.19198,2.3208
-0.168682,2.3384
-0.145219,2.35373
-0.121615,2.36678
-0.0978913,2.37753
-0.074072,2.38595
-0.05018,2.39204
-0.0262389,2.39579
-0.00227206,2.39719
0.021697,2.39624
0.0456448,2.39293
0.0695479,2.38729
0.0933828,2.3793
0.117126,2.369
0.140755,2.35638
0.164246,2.34148
0.187577,2.32431
0.210725,2.3049
0.233668,2.28328
0.256383,2.25948
0.27885,2.23354
0.301047,2.20549
0.322953,2.17538
0.344548,2.14324
0.365811,2.10912
0.386724,2.07307
0.407266,2.03514
0.42742,1.99537
0.447168,1.95383
0.466491,1.91055
0.485373,1.8656
0.503798,1.81903
0.521749,1.7709
0.539211,1.72127
0.556169,1.67018
0.57261,1.61771
0.588519,1.5639
0.603883,1.50881
0.618691,1.4525
0.63293,1.39504
0.646588,1.33647
0.659656,1.27685
0.672122,1.21625
0.683977,1.15471
0.695213,1.09229
0.705821,1.02905
0.715792,0.965042
0.725119,0.90032
0.733796,0.834936
0.741816,0.768943
0.749173,0.702395
0.755862,0.635342
0.761878,0.567835
0.767217,0.499925
0.771875,0.431662
0.775849,0.363096
0.779137,0.294275
0.781734,0.225249
0.783641,0.156066
0.784855,0.0867749
0.785376,0.0174233
0.785204,-0.0519404
0.784338,-0.121268
0.782779,-0.190511
0.780528,-0.259622
0.777587,-0.328552
0.773958,-0.397252
0.769643,-0.465674
0.764645,-0.533767
0.758969,-0.601483
0.752617,-0.66877
0.745595,-0.735579
0.737907,-0.801857
0.72956,-0.867553
0.720558,-0.932615
0.71091,-0.996989
0.700621,-1.06062
0.6897,-1.12346
0.678155,-1.18545
0.665994,-1.24653
0.653227,-1.30665
0.639864,-1.36575
0.625916,-1.42378
0.611393,-1.48067
0.596306,-1.53638
0.580669,-1.59084
0.564494,-1.64399
0.547794,-1.69578
0.530583,-1.74615
0.512876,-1.79505
0.494687,-1.84241
0.476033,-1.88818
0.456929,-1.9323
0.437392,-1.97472
0.41744,-2.01539
0.397091,-2.05425
0.376362,-2.09125
0.355272,-2.12634
0.333841,-2.15948
0.312089,-2.19062
0.290036,-2.21971
0.267702,-2.24671
0.245109,-2.27159
0.222277,-2.29431
0.19923,-2.31484
0.175988,-2.33313
0.152575,-2.34918
0.129012,-2.36295
0.105323,-2.37441
0.0815314,-2.38357
0.0576597,-2.39039
0.0337314,-2.39487
0.0097701,-2.397
-0.0142008,-2.39679
-0.0381578,-2.39422
-0.0620774,-2.3893
-0.0859361,-2.38205
-0.109711,-2.37247
-0.133378,-2.36057
-0.156914,-2.34638
-0.180298,-2.32992
-0.203505,-2.31121
-0.226515,-2.29028
-0.249304,-2.26716
-0.271851,-2.24188
-0.294134,-2.21449
-0.316133,-2.18501
-0.337828,-2.1535
-0.359197,-2.12
-0.380221,-2.08455
-0.400882,-2.0472
-0.421159,-2.00801
-0.441036,-1.96701
-0.460493,-1.92427
-0.479515,-1.87984
-0.498085,-1.83377
-0.516186,-1.78612
-0.533802,-1.73695
-0.55092,-1.68631
-0.567524,-1.63427
-0.583601,-1.58087
-0.599137,-1.52617
-0.61412,-1.47024
-0.628538,-1.41313
-0.642379,-1.3549
-0.655632,-1.29561
-0.668288,-1.23531
-0.680335,-1.17405
-0.691766,-1.11191
-0.702571,-1.04892
-0.712742,-0.985143
-0.722271,-0.920638
-0.731152,-0.855455
-0.739378,-0.789647
-0.746943,-0.723267
-0.753842,-0.656367
-0.760069,-0.588996
-0.76562,-0.521207
-0.770492,-0.453049
-0.77468,-0.384573
-0.778182,-0.315826
-0.780996,-0.246859
-0.783119,-0.17772
-0.78455,-0.108458
-0.785288,-0.0391197
-0.785332,0.0302454
-0.784683,0.0995895
-0.783341,0.168864
-0.781306,0.238022
-0.778581,0.307014
-0.775167,0.375791
-0.771066,0.444305
-0.766281,0.512506
-0.760817,0.580345
-0.754676,0.647772
-0.747863,0.714736
-0.740383,0.781185
-0.732241,0.847069
-0.723444,0.912335
-0.713997,0.97693
-0.703907,1.0408
-0.693183,1.10389
-0.681832,1.16615
-0.669863,1.22752
-0.657285,1.28795
-0.644108,1.34738
-0.630341,1.40575
-0.615996,1.463
-0.601085,1.51909
-0.585619,1.57394
-0.56961,1.62751
-0.553073,1.67973
-0.53602,1.73055
-0.518467,1.77992
-0.500427,1.82776
-0.481917,1.87403
-0.462952,1.91868
-0.443549,1.96164
-0.423725,2.00286
-0.403498,2.04229
-0.382885,2.07988
-0.361906,2.11557
-0.34058,2.14933
-0.318926,2.1811
-0.296965,2.21083
-0.274717,2.23849
-0.252202,2.26404
-0.229443,2.28744
-0.206461,2.30865
-0.183277,2.32765
-0.159915,2.3444
-0.136397,2.35889
-0.112745,2.37108
-0.088983,2.38095
-0.0651338,2.38851
-0.0412207,2.39372
-0.0172672,2.39659
0.00670324,2.39711
0.0306671,2.39527
0.0546009,2.39109
0.0784812,2.38457
0.102285,2.37571
0.125988,2.36454
0.149568,2.35107
0.173001,2.33531
0.196266,2.3173
0.21934,2.29706
0.2422,2.27462
0.264825,2.25002
0.287194,2.22328
0.309284,2.19445
0.331076,2.16358
0.352549,2.13069
0.373683,2.09585
0.394459,2.05909
0.414859,2.02046
0.434863,1.98002
0.454453,1.93782
0.473613,1.89391
0.492326,1.84835
0.510575,1.80119
0.528345,1.75249
0.54562,1.70231
0.562386,1.6507
0.578629,1.59771
0.594336,1.54342
0.609493,1.48787
0.624089,1.43112
0.638112,1.37324
0.651551,1.31427
0.664394,1.25427
0.676633,1.19331
0.688257,1.13144
0.699259,1.06871
0.709629,1.00517
0.71936,0.94089
0.728444,0.875914
0.736876,0.810296
0.744648,0.744089
0.751756,0.677346
0.758193,0.610117
0.763957,0.542453
0.769041,0.474405
0.773444,0.406023
0.777161,0.337356
0.78019,0.268453
0.782529,0.199362
0.784177,0.130133
0.785132,0.0608133
0.785393,-0.0085484
0.784961,-0.0779042
0.783835,-0.147206
0.782017,-0.216405
0.779507,-0.285454
0.776308,-0.354304
0.772422,-0.422906
0.767851,-0.49121
0.762599,-0.559168
0.756669,-0.626729
0.750066,-0.693843
0.742794,-0.760459
0.734859,-0.826525
0.726266,-0.89199
0.717021,-0.9568
0.707132,-1.0209
0.696606,-1.08424
0.68545,-1.14677
0.673673,-1.20843
0.661284,-1.26915
0.648293,-1.3289
0.63471,-1.38761
0.620545,-1.44522
0.605809,-1.50167
0.590515,-1.55692
0.574675,-1.61089
0.558302,-1.66355
0.541409,-1.71481
0.52401,-1.76464
0.506121,-1.81296
0.487756,-1.85973
0.468932,-1.90489
0.449664,-1.94838
0.42997,-1.99016
0.409867,-2.03015
0.389373,-2.06832
0.368507,-2.10461
0.347287,-2.13898
0.325734,-2.17138
0.303866,-2.20175
0.281705,-2.23007
0.259272,-2.25628
0.236587,-2.28036
0.213672,-2.30226
0.190549,-2.32195
0.167241,-2.33941
0.143769,-2.3546
0.120156,-2.36751
0.0964261,-2.37811
0.0726017,-2.38639
0.048706,-2.39234
0.0247626,-2.39594
0.000794978,-2.3972
-0.0231735,-2.3961
-0.0471192,-2.39265
-0.0710187,-2.38686
-0.0948486,-2.37873
-0.118586,-2.36828
-0.142207,-2.35553
-0.165689,-2.34048
-0.189009,-2.32318
-0.212145,-2.30363
-0.235074,-2.28188
-0.257775,-2.25794
-0.280226,-2.23187
-0.302405,-2.20369
-0.324293,-2.17345
-0.345868,-2.14119
-0.36711,-2.10695
-0.388,-2.07079
-0.40852,-2.03274
-0.428649,-1.99286
-0.448371,-1.95121
-0.467667,-1.90783
-0.486522,-1.86278
-0.504918,-1.81611
-0.522839,-1.76789
-0.54027,-1.71816
-0.557197,-1.66699
-0.573606,-1.61443
-0.589482,-1.56054
-0.604812,-1.50537
-0.619585,-1.449
-0.633788,-1.39146
-0.647411,-1.33283
-0.660441,-1.27315
-0.67287,-1.21248
-0.684688,-1.15089
-0.695885,-1.08842
-0.706453,-1.02513
-0.716385,-0.961075
-0.725673,-0.896309
-0.734309,-0.830886
-0.742288,-0.764858
-0.749604,-0.698277
-0.756252,-0.631195
-0.762227,-0.563662
-0.767524,-0.495729
-0.77214,-0.427446
-0.776072,-0.358862
-0.779317,-0.290027
-0.781872,-0.22099
-0.783736,-0.151799
-0.784907,-0.0825029
-0.785386,-0.0131492
-0.78517,0.0562137
-0.784262,0.125538
-0.78266,0.194774
-0.780367,0.263875
-0.777383,0.332793
-0.773711,0.401477
-0.769354,0.46988
-0.764315,0.537951
-0.758597,0.605642
-0.752204,0.672901
-0.74514,0.739678
-0.737412,0.805922
-0.729024,0.871581
-0.719982,0.936602
-0.710294,1.00093
-0.699966,1.06452
-0.689006,1.1273
-0.677423,1.18924
-0.665225,1.25026
-0.652421,1.31032
-0.639022,1.36936
-0.625037,1.42732
-0.610479,1.48414
-0.595359,1.53977
-0.579688,1.59415
-0.56348,1.64722
-0.546748,1.69893
-0.529506,1.74921
-0.511769,1.79801
-0.493551,1.84527
-0.474868,1.89094
-0.455738,1.93496
-0.436175,1.97728
-0.416198,2.01784
-0.395824,2.05658
-0.375072,2.09347
-0.353961,2.12844
-0.33251,2.16146
-0.310739,2.19247
-0.288668,2.22143
-0.266317,2.24831
-0.243708,2.27306
-0.220863,2.29564
-0.197803,2.31603
-0.17455,2.33419
-0.151127,2.35009
-0.127556,2.36372
-0.10386,2.37505
-0.0800626,2.38405
-0.0561867,2.39073
-0.0322557,2.39507
-0.00829312,2.39706
0.0156776,2.3967
0.039633,2.39398
0.0635495,2.38892
0.0874037,2.38153
0.111172,2.3718
0.134832,2.35977
0.15836,2.34543
0.181733,2.32883
0.204929,2.30998
0.227925,2.28892
0.2507,2.26566
0.273231,2.24025
0.295498,2.21273
0.317479,2.18313
0.339154,2.1515
0.360502,2.11787
0.381505,2.0823
0.402142,2.04484
0.422396,2.00553
0.442247,1.96443
0.461678,1.92158
0.480673,1.87705
0.499214,1.83088
0.517285,1.78314
0.534872,1.73387
0.551958,1.68315
0.56853,1.63102
0.584574,1.57753
0.600076,1.52276
0.615025,1.46676
0.629407,1.40958
0.643213,1.35128
0.656429,1.29192
0.669048,1.23156
0.681058,1.17025
0.69245,1.10805
0.703216,1.04501
0.713347,0.981189
0.722837,0.916641
0.731678,0.851418
0.739863,0.785573
0.747387,0.71916
0.754245,0.652228
0.760431,0.584831
0.76594,0.517018
0.77077,0.448839
0.774916,0.380344
0.778376,0.311583
0.781147,0.242604
0.783227,0.173456
0.784615,0.104187
0.785311,0.0348459
0.785312,-0.0345193
0.78462,-0.103861
0.783235,-0.17313
0.781158,-0.242278
0.77839,-0.311258
0.774934,-0.380021
0.770791,-0.448517
0.765964,-0.516697
0.760458,-0.584513
0.754276,-0.651912
0.747421,-0.718846
0.7399,-0.785262
0.731718,-0.851109
0.72288,-0.916335
0.713394,-0.980887
0.703265,-1.04471
0.692502,-1.10775
0.681113,-1.16996
0.669106,-1.23127
0.65649,-1.29164
0.643276,-1.351
0.629474,-1.40931
0.615094,-1.46649
0.600148,-1.5225
0.584648,-1.57728
0.568607,-1.63077
0.552037,-1.68291
0.534953,-1.73364
0.517369,-1.78291
0.4993,-1.83066
0.480761,-1.87683
0.461769,-1.92137
0.442339,-1.96423
0.42249,-2.00534
0.402239,-2.04466
0.381603,-2.08213
0.360602,-2.11771
0.339255,-2.15134
0.317582,-2.18299
0.295602,-2.2126
0.273337,-2.24013
0.250807,-2.26555
0.228033,-2.28881
0.205038,-2.30989
0.181843,-2.32875
0.15847,-2.34536
0.134943,-2.3597
0.111284,-2.37175
0.0875158,-2.38149
0.0636619,-2.3889
0.0397457,-2.39397
0.0157905,-2.39669
-0.00818026,-2.39706
-0.032143,-2.39508
-0.0560741,-2.39076
-0.0799503,-2.38409
-0.103748,-2.37509
-0.127444,-2.36378
-0.151016,-2.35016
-0.17444,-2.33427
-0.197694,-2.31612
-0.220755,-2.29574
-0.243601,-2.27317
-0.266211,-2.24843
-0.288563,-2.22157
-0.310636,-2.19261
-0.332408,-2.16161
-0.353861,-2.1286
-0.374974,-2.09364
-0.395727,-2.05676
-0.416103,-2.01802
-0.436082,-1.97747
-0.455646,-1.93517
-0.474779,-1.89115
-0.493464,-1.84549
-0.511684,-1.79824
-0.529424,-1.74944
-0.546668,-1.69917
-0.563402,-1.64747
-0.579613,-1.5944
-0.595286,-1.54003
-0.610409,-1.48441
-0.62497,-1.42759
-0.638957,-1.36963
-0.652359,-1.3106
-0.665166,-1.25055
-0.677367,-1.18953
-0.688953,-1.1276
-0.699916,-1.06481
-0.710247,-1.00123
-0.719938,-0.936906
-0.728983,-0.871888
-0.737374,-0.806233
-0.745105,-0.739991
-0.752172,-0.673217
-0.758568,-0.605959
-0.76429,-0.538271
-0.769332,-0.470201
-0.773693,-0.4018
-0.777367,-0.333116
-0.780354,-0.2642
-0.782651,-0.1951
-0.784256,-0.125864
-0.785168,-0.0565402
-0.785386,0.0128226
-0.784911,0.0821765
-0.783743,0.151473
-0.781882,0.220665
-0.77933,0.289703
-0.776089,0.358539
-0.77216,0.427123
-0.767547,0.495408
-0.762253,0.563343
-0.756282,0.630878
-0.749637,0.697962
-0.742324,0.764546
-0.734348,0.830577
-0.725715,0.896003
-0.71643,0.960771
-0.706502,1.02483
-0.695936,1.08812
-0.684742,1.1506
-0.672927,1.21219
-0.660501,1.27286
-0.647473,1.33255
-0.633854,1.39119
-0.619653,1.44873
-0.604883,1.50511
-0.589555,1.56028
-0.573682,1.61418
-0.557276,1.66675
-0.540351,1.71792
-0.522922,1.76766
-0.505003,1.81589
-0.48661,1.86256
-0.467757,1.90762
-0.448463,1.95101
-0.428743,1.99267
-0.408615,2.03256
-0.388098,2.07061
-0.367209,2.10679
-0.345968,2.14103
-0.324395,2.17331
-0.302509,2.20356
-0.280331,2.23174
-0.257881,2.25783
-0.235181,2.28177
-0.212253,2.30353
-0.189118,2.32309
-0.165799,2.34041
-0.142318,2.35546
-0.118697,2.36823
-0.0949606,2.37869
-0.0711311,2.38683
-0.0472318,2.39263
-0.0232863,2.39609
0.000682111,2.3972
0.0246498,2.39596
0.0485934,2.39236
0.0724893,2.38643
0.0963142,2.37816
0.120045,2.36757
0.143658,2.35467
0.16713,2.33948
0.19044,2.32204
0.213564,2.30235
0.23648,2.28046
0.259166,2.2564
0.2816,2.2302
0.303763,2.20189
0.325631,2.17152
0.347186,2.13914
0.368408,2.10478
0.389276,2.0685
0.409771,2.03034
0.429876,1.99035
0.449572,1.94859
0.468842,1.9051
0.487669,1.85995
0.506036,1.81319
0.523927,1.76487
0.541328,1.71505
0.558224,1.66379
0.574599,1.61115
0.590442,1.55718
0.605739,1.50194
0.620477,1.44548
0.634644,1.38788
0.648231,1.32918
0.661225,1.26944
0.673616,1.20871
0.685396,1.14706
0.696554,1.08454
0.707084,1.0212
0.716976,0.957104
0.726224,0.892297
0.73482,0.826835
0.742758,0.760771
0.750033,0.694158
0.75664,0.627046
0.762573,0.559487
0.767828,0.491531
0.772402,0.423228
0.776292,0.354628
0.779494,0.285779
0.782007,0.216731
0.783828,0.147532
0.784957,0.0782307
0.785392,0.008875
0.785134,-0.0604868
0.784183,-0.129807
0.782539,-0.199036
0.780203,-0.268128
0.777177,-0.337032
0.773463,-0.4057
0.769064,-0.474084
0.763982,-0.542134
0.758222,-0.609799
0.751788,-0.67703
0.744683,-0.743776
0.736914,-0.809985
0.728485,-0.875606
0.719404,-0.940586
0.709676,-1.00487
0.699309,-1.06841
0.688311,-1.13115
0.676689,-1.19302
0.664453,-1.25399
0.651612,-1.31399
0.638177,-1.37296
0.624157,-1.43085
0.609564,-1.4876
0.594409,-1.54316
0.578705,-1.59746
0.562464,-1.65045
0.5457,-1.70207
0.528427,-1.75226
0.51066,-1.80097
0.492413,-1.84814
0.473702,-1.8937
0.454544,-1.93762
0.434956,-1.97983
0.414954,-2.02028
0.394556,-2.05891
0.373782,-2.09568
0.352649,-2.13053
0.331178,-2.16343
0.309387,-2.19431
0.287298,-2.22315
0.264931,-2.2499
0.242307,-2.27451
0.219448,-2.29696
0.196376,-2.31721
0.173111,-2.33523
0.149678,-2.351
0.126099,-2.36448
0.102396,-2.37567
0.0785934,-2.38453
0.0547135,-2.39107
0.0307799,-2.39526
0.0068161,-2.3971
-0.0171544,-2.3966
-0.041108,-2.39374
-0.0650213,-2.38854
-0.0888709,-2.38099
-0.112633,-2.37113
-0.136286,-2.35895
-0.159805,-2.34448
-0.183168,-2.32774
-0.206352,-2.30875
-0.229335,-2.28755
-0.252096,-2.26416
-0.274611,-2.23862
-0.296861,-2.21097
-0.318824,-2.18124
-0.340479,-2.14948
-0.361807,-2.11574
-0.382787,-2.08005
-0.403401,-2.04247
-0.423631,-2.00305
-0.443457,-1.96184
-0.462862,-1.91888
-0.481829,-1.87425
-0.500341,-1.82798
-0.518383,-1.78015
-0.535939,-1.73079
-0.552994,-1.67998
-0.569534,-1.62776
-0.585545,-1.5742
-0.601013,-1.51935
-0.615927,-1.46327
-0.630275,-1.40602
-0.644044,-1.34765
-0.657224,-1.28823
-0.669805,-1.22781
-0.681777,-1.16644
-0.693131,-1.10419
-0.703858,-1.0411
-0.713951,-0.977232
-0.723401,-0.912641
-0.732201,-0.847378
-0.740346,-0.781497
-0.747829,-0.71505
-0.754645,-0.648089
-0.76079,-0.580664
-0.766257,-0.512827
-0.771045,-0.444627
-0.775149,-0.376114
-0.778566,-0.307338
-0.781295,-0.238347
-0.783333,-0.16919
-0.784678,-0.0999159
-0.785331,-0.030572
-0.78529,0.0387931
-0.784555,0.108131
-0.783127,0.177394
-0.781008,0.246534
-0.778197,0.315502
-0.774698,0.38425
-0.770513,0.452728
-0.765645,0.520887
-0.760097,0.588678
-0.753873,0.65605
-0.746977,0.722954
-0.739415,0.789336
-0.731192,0.855147
-0.722314,0.920333
-0.712788,0.984841
-0.70262,1.04862
-0.691818,1.11161
-0.680391,1.17376
-0.668346,1.23502
-0.655693,1.29533
-0.642443,1.35463
-0.628604,1.41286
-0.614189,1.46998
-0.599209,1.52591
-0.583675,1.58061
-0.567601,1.63402
-0.550999,1.68607
-0.533884,1.73672
-0.51627,1.7859
-0.498171,1.83355
-0.479604,1.87963
-0.460584,1.92406
-0.441128,1.96681
-0.421254,2.00782
-0.400978,2.04702
-0.380319,2.08438
-0.359297,2.11984
-0.337929,2.15335
-0.316236,2.18487
-0.294238,2.21435
-0.271956,2.24176
-0.24941,2.26704
-0.226622,2.29017
-0.203614,2.31112
-0.180408,2.32984
-0.157025,2.34631
-0.133489,2.36051
-0.109822,2.37242
-0.0860482,2.38201
-0.0621899,2.38928
-0.0382705,2.3942
-0.0143137,2.39678
0.00965725,2.39701
0.0336187,2.39489
0.0575471,2.39042
0.0814192,2.3836
0.105211,2.37446
0.128901,2.36301
0.152464,2.34925
0.175878,2.33322
0.199121,2.31493
0.222169,2.29441
0.245002,2.27171
0.267596,2.24684
0.289931,2.21984
0.311986,2.19076
0.33374,2.15963
0.355172,2.1265
0.376263,2.09142
0.396994,2.05443
0.417346,2.01558
0.437299,1.97492
0.456838,1.9325
0.475944,1.88839
0.4946,1.84263
0.512791,1.79527
0.530501,1.74639
0.547714,1.69602
0.564416,1.64424
0.580594,1.59109
0.596234,1.53664
0.611323,1.48094
0.625849,1.42405
0.6398,1.36603
0.653166,1.30693
0.665935,1.24681
0.678099,1.18574
0.689647,1.12375
0.700571,1.06092
0.710863,0.99729
0.720514,0.932919
0.729519,0.867861
0.737869,0.802167
0.74556,0.735892
0.752585,0.669086
0.75894,0.601801
0.76462,0.534087
0.769621,0.465995
0.773939,0.397575
0.777571,0.328876
0.780516,0.259947
0.78277,0.190837
0.784332,0.121594
0.785201,0.0522669
0.785377,-0.0170967
0.784859,-0.0864485
0.783648,-0.15574
0.781745,-0.224924
0.77915,-0.293951
0.775867,-0.362772
0.771896,-0.43134
0.767241,-0.499604
0.761905,-0.567516
0.755892,-0.635025
0.749206,-0.70208
0.741852,-0.768631
0.733835,-0.834626
0.725161,-0.900013
0.715837,-0.964739
0.705869,-1.02875
0.695265,-1.092
0.684032,-1.15442
0.672179,-1.21596
0.659716,-1.27657
0.646651,-1.33619
0.632995,-1.39477
0.618759,-1.45224
0.603955,-1.50855
0.588593,-1.56364
0.572686,-1.61746
0.556248,-1.66994
0.539292,-1.72103
0.521832,-1.77067
0.503883,-1.81881
0.485461,-1.86539
0.466581,-1.91034
0.44726,-1.95363
0.427514,-1.99518
0.407362,-2.03496
0.386821,-2.0729
0.36591,-2.10895
0.344649,-2.14308
0.323055,-2.17523
0.301151,-2.20535
0.278955,-2.23341
0.25649,-2.25936
0.233775,-2.28317
0.210833,-2.3048
0.187686,-2.32422
0.164356,-2.3414
0.140866,-2.35632
0.117238,-2.36894
0.0934948,-2.37926
0.0696603,-2.38725
0.0457575,-2.39291
0.0218098,-2.39623
-0.0021592,-2.39719
-0.0261261,-2.3958
-0.0500674,-2.39207
-0.0739596,-2.38599
-0.0977794,-2.37757
-0.121503,-2.36684
-0.145108,-2.3538
-0.168572,-2.33847
-0.19187,-2.32089
-0.214982,-2.30107
-0.237884,-2.27904
-0.260556,-2.25485
-0.282974,-2.22851
-0.305119,-2.20008
-0.326969,-2.16959
-0.348504,-2.13708
-0.369704,-2.1026
-0.390549,-2.0662
-0.411022,-2.02792
-0.431102,-1.98783
-0.450772,-1.94596
-0.470015,-1.90237
-0.488814,-1.85711
-0.507152,-1.81025
-0.525014,-1.76184
-0.542384,-1.71193
-0.559248,-1.66059
-0.575591,-1.60786
-0.5914,-1.55381
-0.606663,-1.49849
-0.621366,-1.44197
-0.635499,-1.38429
-0.649049,-1.32553
-0.662006,-1.26572
-0.67436,-1.20494
-0.686101,-1.14324
-0.697222,-1.08066
-0.707712,-1.01728
-0.717565,-0.953131
-0.726772,-0.888281
-0.735328,-0.822781
-0.743226,-0.756682
-0.75046,-0.690036
-0.757025,-0.622895
-0.762916,-0.55531
-0.76813,-0.487332
-0.772662,-0.419009
-0.776509,-0.350392
-0.779669,-0.28153
-0.782139,-0.212471
-0.783918,-0.143264
-0.785004,-0.0739583
-0.785397,-0.0046008
-0.785096,0.0647598
-0.784102,0.134076
-0.782415,0.203298
-0.780036,0.272379
-0.776968,0.34127
-0.773211,0.409923
-0.76877,0.478287
-0.763647,0.546315
-0.757845,0.613955
-0.751369,0.681157
-0.744224,0.747872
-0.736414,0.814046
-0.727945,0.879629
-0.718823,0.944568
-0.709056,1.00881
-0.698649,1.0723
-0.687612,1.13498
-0.675953,1.19681
-0.663679,1.25772
-0.650802,1.31765
-0.63733,1.37656
-0.623274,1.43438
-0.608646,1.49106
-0.593457,1.54654
-0.577719,1.60076
-0.561446,1.65367
-0.54465,1.7052
-0.527347,1.75531
-0.509549,1.80392
-0.491273,1.85099
-0.472535,1.89646
-0.45335,1.94027
-0.433735,1.98237
-0.413708,2.02271
-0.393287,2.06123
-0.37249,2.09788
-0.351336,2.13262
-0.329844,2.16539
-0.308035,2.19615
-0.285928,2.22486
-0.263544,2.25147
-0.240905,2.27596
-0.218033,2.29827
-0.194947,2.31839
-0.171672,2.33627
-0.148229,2.3519
-0.124642,2.36524
-0.100932,2.37628
-0.077124,2.385
-0.0532401,2.39139
-0.0293039,2.39544
-0.00533906,2.39714
0.0186311,2.39649
0.0425829,2.39349
0.066493,2.38814
0.0903379,2.38045
0.114094,2.37044
0.137739,2.35812
0.161249,2.34351
0.184602,2.32663
0.207774,2.30751
0.230744,2.28617
0.25349,2.26265
0.27599,2.23698
0.298223,2.20919
0.320167,2.17934
0.341803,2.14746
0.36311,2.11359
0.384068,2.07779
0.404659,2.04009
0.424864,2.00056
0.444665,1.95924
0.464043,1.91618
0.482983,1.87144
0.501467,1.82508
0.519479,1.77715
0.537004,1.7277
0.554028,1.6768
0.570536,1.6245
0.586514,1.57085
0.601949,1.51593
0.616828,1.45977
0.63114,1.40245
0.644873,1.34402
0.658017,1.28454
0.670561,1.22406
0.682495,1.16263
0.693811,1.10032
0.704499,1.03719
0.714552,0.973273
0.723962,0.908638
0.732722,0.843336
0.740826,0.777419
0.748269,0.710938
0.755044,0.643947
0.761146,0.576495
0.766572,0.508634
0.771318,0.440414
0.775379,0.371884
0.778754,0.303093
0.78144,0.23409
0.783436,0.164925
0.784739,0.0956446
0.785348,0.026298
0.785264,-0.0430668
0.784487,-0.112402
0.783017,-0.181659
0.780854,-0.250789
0.778001,-0.319745
0.77446,-0.388477
0.770233,-0.456937
0.765322,-0.525075
0.759733,-0.592842
0.753467,-0.660187
0.74653,-0.727059
0.738928,-0.793408
0.730664,-0.859182
0.721746,-0.924328
0.71218,-0.988793
0.701973,-1.05252
0.691132,-1.11547
0.679666,-1.17757
0.667584,-1.23877
0.654894,-1.29901
0.641607,-1.35825
0.627733,-1.41642
0.613282,-1.47346
0.598267,-1.52932
0.5827,-1.58394
0.566593,-1.63727
0.549959,-1.68923
0.532813,-1.73979
0.515168,-1.78888
0.49704,-1.83644
0.478445,-1.88241
0.459398,-1.92675
0.439916,-1.96939
0.420016,-2.01028
0.399716,-2.04938
0.379034,-2.08662
0.35799,-2.12196
0.336602,-2.15535
0.314889,-2.18675
0.292873,-2.2161
0.270574,-2.24338
0.248013,-2.26853
0.225211,-2.29153
0.20219,-2.31233
0.178972,-2.33092
0.155579,-2.34725
0.132034,-2.36131
0.10836,-2.37308
0.0845803,-2.38253
0.0607175,-2.38965
0.0367952,-2.39443
0.0128368,-2.39686
-0.0111342,-2.39695
-0.0350943,-2.39468
-0.0590199,-2.39006
-0.0828877,-2.38311
-0.106674,-2.37382
-0.130356,-2.36222
-0.153911,-2.34833
-0.177315,-2.33215
-0.200547,-2.31373
-0.223583,-2.29308
-0.246401,-2.27024
-0.26898,-2.24523
-0.291299,-2.21811
-0.313335,-2.1889
-0.33507,-2.15765
-0.356482,-2.1244
-0.377551,-2.08919
-0.398259,-2.05209
-0.418587,-2.01312
-0.438516,-1.97235
-0.458028,-1.92983
-0.477107,-1.88562
-0.495735,-1.83975
-0.513896,-1.79231
-0.531576,-1.74333
-0.548758,-1.69287
-0.565429,-1.641
-0.581574,-1.58777
-0.59718,-1.53324
-0.612234,-1.47747
-0.626725,-1.42051
-0.640641,-1.36242
-0.65397,-1.30325
-0.666702,-1.24308
-0.678828,-1.18194
-0.690338,-1.11991
-0.701223,-1.05702
-0.711476,-0.993345
-0.721088,-0.92893
-0.730052,-0.863831
-0.738362,-0.7981
-0.746012,-0.73179
-0.752996,-0.664953
-0.75931,-0.59764
-0.764948,-0.529902
-0.769907,-0.461788
-0.774182,-0.39335
-0.777773,-0.324635
-0.780674,-0.255694
-0.782886,-0.186574
-0.784405,-0.117324
-0.785232,-0.0479934
-0.785365,0.0213708
-0.784805,0.0907203
-0.783551,0.160007
-0.781605,0.229182
-0.778968,0.298198
-0.775642,0.367005
-0.771629,0.435556
-0.766932,0.5038
-0.761554,0.571688
-0.755499,0.63917
-0.748772,0.706196
-0.741377,0.772714
-0.73332,0.838673
-0.724606,0.904021
-0.715241,0.968705
-0.705234,1.03267
-0.694591,1.09587
-0.683319,1.15823
-0.671429,1.21972
-0.658928,1.28027
-0.645827,1.33983
-0.632135,1.39834
-0.617864,1.45574
-0.603024,1.51198
-0.587628,1.56699
-0.571688,1.62073
-0.555218,1.67313
-0.53823,1.72413
-0.52074,1.77368
-0.502762,1.82173
-0.484311,1.8682
-0.465403,1.91306
-0.446055,1.95624
-0.426284,1.99768
-0.406107,2.03735
-0.385543,2.07517
-0.36461,2.11111
-0.343327,2.14512
-0.321714,2.17714
-0.299791,2.20714
-0.277579,2.23507
-0.255097,2.26089
-0.232368,2.28457
-0.209413,2.30606
-0.186254,2.32535
-0.162913,2.34239
-0.139414,2.35716
-0.115778,2.36964
-0.0920286,2.37982
-0.0681892,2.38767
-0.044283,2.39318
-0.0203333,2.39635
0.00363628,2.39717
0.0276023,2.39564
0.0515412,2.39176
0.0754297,2.38553
0.0992442,2.37698
0.122961,2.3661
0.146558,2.35292
0.170012,2.33746
0.1933,2.31973
0.216399,2.29978
0.239288,2.27762
0.261945,2.25328
0.284347,2.22682
0.306474,2.19826
0.328305,2.16764
0.34982,2.13501
0.370999,2.10041
0.391822,2.06389
0.41227,2.02551
0.432326,1.9853
0.45197,1.94332
0.471187,1.89963
0.489957,1.85427
0.508267,1.80732
0.526099,1.75881
0.543438,1.70881
0.56027,1.65738
0.576581,1.60457
0.592357,1.55043
0.607585,1.49504
0.622254,1.43845
0.63635,1.3807
0.649864,1.32187
0.662784,1.26201
0.675101,1.20116
0.686805,1.1394
0.697886,1.07678
0.708337,1.01334
0.718151,0.949155
0.727318,0.884264
0.735834,0.818725
0.743691,0.752591
0.750884,0.685913
0.757407,0.618743
0.763257,0.551133
0.768429,0.483131
0.772919,0.414789
0.776724,0.346155
0.779841,0.27728
0.782268,0.20821
0.784005,0.138996
0.785048,0.0696856
0.785398,0.00032658
0.785055,-0.0690327
0.784018,-0.138344
0.782288,-0.207559
0.779867,-0.27663
0.776756,-0.345508
0.772958,-0.414144
0.768474,-0.482489
0.763309,-0.550494
0.757466,-0.618109
0.750948,-0.685283
0.743762,-0.751965
0.735911,-0.818105
0.727401,-0.88365
0.71824,-0.948547
0.708433,-1.01274
0.697988,-1.07619
0.686912,-1.13882
0.675214,-1.20059
0.662903,-1.26144
0.649989,-1.32131
0.63648,-1.38015
0.622389,-1.43791
0.607726,-1.49452
0.592503,-1.54992
0.576732,-1.60406
0.560426,-1.65689
0.543599,-1.70833
0.526264,-1.75834
0.508437,-1.80687
0.490132,-1.85384
0.471365,-1.89921
0.452153,-1.94292
0.432513,-1.98491
0.412461,-2.02514
0.392016,-2.06354
0.371196,-2.10008
0.350021,-2.13469
0.328509,-2.16734
0.306681,-2.19798
0.284556,-2.22656
0.262157,-2.25305
0.239503,-2.2774
0.216616,-2.29958
0.193518,-2.31955
0.170232,-2.3373
0.14678,-2.35278
0.123184,-2.36599
0.099468,-2.37689
0.0756543,-2.38547
0.0517665,-2.39171
0.0278279,-2.39561
0.00386199,-2.39717
-0.0201077,-2.39637
-0.0440576,-2.39323
-0.0679644,-2.38773
-0.0918045,-2.3799
-0.115555,-2.36975
-0.139192,-2.35729
-0.162693,-2.34254
-0.186035,-2.32552
-0.209196,-2.30626
-0.232153,-2.28478
-0.254884,-2.26113
-0.277368,-2.23532
-0.299584,-2.20741
-0.321509,-2.17744
-0.343125,-2.14543
-0.364411,-2.11144
-0.385348,-2.07552
-0.405916,-2.03771
-0.426096,-1.99807
-0.445871,-1.95664
-0.465223,-1.91347
-0.484135,-1.86863
-0.50259,-1.82217
-0.520573,-1.77414
-0.538068,-1.72461
-0.55506,-1.67362
-0.571536,-1.62123
-0.58748,-1.5675
-0.602882,-1.5125
-0.617726,-1.45628
-0.632003,-1.39888
-0.6457,-1.34039
-0.658807,-1.28084
-0.671314,-1.2203
-0.68321,-1.15882
-0.694487,-1.09646
-0.705137,-1.03327
-0.71515,-0.969311
-0.72452,-0.904633
-0.733241,-0.839292
-0.741304,-0.773338
-0.748705,-0.706825
-0.755439,-0.639803
-0.7615,-0.572325
-0.766884,-0.504441
-0.771588,-0.4362
-0.775607,-0.367652
-0.77894,-0.298847
-0.781583,-0.229833
-0.783536,-0.160659
-0.784796,-0.0913731
-0.785363,-0.022024
-0.785237,0.0473404
-0.784416,0.116672
-0.782903,0.185922
-0.780698,0.255044
-0.777803,0.323987
-0.774219,0.392704
-0.76995,0.461145
-0.764998,0.529262
-0.759366,0.597004
-0.753059,0.664322
-0.746081,0.731163
-0.738437,0.797478
-0.730134,0.863215
-0.721175,0.92832
-0.711569,0.992741
-0.701323,1.05643
-0.690444,1.11932
-0.678939,1.18136
-0.666819,1.24251
-0.654092,1.30269
-0.640769,1.36186
-0.626859,1.41996
-0.612373,1.47694
-0.597324,1.53272
-0.581723,1.58727
-0.565583,1.64051
-0.548917,1.69239
-0.53174,1.74286
-0.514065,1.79185
-0.495908,1.83932
-0.477284,1.88519
-0.45821,1.92943
-0.438701,1.97196
-0.418776,2.01275
-0.398452,2.05173
-0.377748,2.08885
-0.356682,2.12407
-0.335273,2.15734
-0.313541,2.18862
-0.291507,2.21784
-0.269192,2.24499
-0.246615,2.27001
-0.223798,2.29287
-0.200765,2.31354
-0.177535,2.33199
-0.154132,2.34818
-0.130579,2.3621
-0.106898,2.37373
-0.0831121,2.38303
-0.059245,2.39001
-0.0353198,2.39465
-0.0113599,2.39694
0.0126111,2.39687
0.0365697,2.39446
0.0604925,2.3897
0.084356,2.3826
0.108137,2.37318
0.131812,2.36143
0.155358,2.3474
0.178752,2.33108
0.201972,2.31252
0.224995,2.29173
0.247799,2.26876
0.270363,2.24362
0.292665,2.21637
0.314684,2.18703
0.336399,2.15566
0.35779,2.12228
0.378838,2.08696
0.399523,2.04974
0.419826,2.01066
0.43973,1.96978
0.459216,1.92716
0.478268,1.88284
0.496868,1.83688
0.515,1.78933
0.532649,1.74026
0.5498,1.68972
0.566439,1.63776
0.582551,1.58445
0.598123,1.52984
0.613144,1.47399
0.627599,1.41696
0.641479,1.3588
0.654772,1.29957
0.667467,1.23934
0.679555,1.17815
0.691027,1.11605
0.701874,1.05312
0.712087,0.989396
0.721659,0.924938
0.730583,0.859798
0.738853,0.79403
0.746462,0.727687
0.753405,0.660819
0.759677,0.593478
0.765273,0.525715
0.77019,0.45758
0.774424,0.389123
0.777971,0.320393
0.780831,0.251439
0.783,0.18231
0.784476,0.113054
0.78526,0.0437199
0.785351,-0.0256449
0.784748,-0.0949919
0.783451,-0.164273
0.781462,-0.23344
0.778783,-0.302444
0.775414,-0.371237
0.771359,-0.43977
0.76662,-0.507994
0.7612,-0.575858
0.755104,-0.643314
0.748336,-0.71031
0.7409,-0.776795
0.732802,-0.842718
0.724047,-0.908026
0.714643,-0.972668
0.704596,-1.03659
0.693914,-1.09973
0.682604,-1.16205
0.670676,-1.22348
0.658138,-1.28397
0.645,-1.34347
0.631272,-1.40191
0.616965,-1.45924
0.602091,-1.5154
0.586661,-1.57034
0.570689,-1.624
0.554186,-1.67631
0.537167,-1.72723
0.519646,-1.77669
0.501638,-1.82464
0.483159,-1.87102
0.464223,-1.91577
0.444849,-1.95884
0.425052,-2.00018
0.404851,-2.03973
0.384264,-2.07744
0.363309,-2.11327
0.342005,-2.14715
0.320372,-2.17905
0.298431,-2.20892
0.276201,-2.23672
0.253703,-2.26241
0.23096,-2.28596
0.207992,-2.30732
0.184821,-2.32646
0.16147,-2.34336
0.137961,-2.358
0.114317,-2.37034
0.090562,-2.38037
0.0667178,-2.38808
0.0428083,-2.39345
0.0188567,-2.39647
-0.00511334,-2.39715
-0.0290784,-2.39547
-0.0530149,-2.39144
-0.0768994,-2.38507
-0.100709,-2.37637
-0.124419,-2.36535
-0.148008,-2.35203
-0.171452,-2.33643
-0.194729,-2.31857
-0.217816,-2.29847
-0.240691,-2.27618
-0.263332,-2.25172
-0.285718,-2.22512
-0.307828,-2.19643
-0.32964,-2.16569
-0.351135,-2.13293
-0.372292,-2.09822
-0.393093,-2.06158
-0.413518,-2.02308
-0.433548,-1.98276
-0.453167,-1.94068
-0.472356,-1.89688
-0.491099,-1.85143
-0.509379,-1.80437
-0.527181,-1.75577
-0.54449,-1.70568
-0.56129,-1.65416
-0.577568,-1.60127
-0.593311,-1.54706
-0.608505,-1.49159
-0.623139,-1.43492
-0.6372,-1.37711
-0.650678,-1.31821
-0.663561,-1.25828
-0.67584,-1.19739
-0.687505,-1.13557
-0.698548,-1.07289
-0.708961,-1.00941
-0.718734,-0.945176
-0.727862,-0.880244
-0.736337,-0.814667
-0.744153,-0.748497
-0.751305,-0.681788
-0.757787,-0.61459
-0.763595,-0.546953
-0.768725,-0.47893
-0.773173,-0.410568
-0.776936,-0.341918
-0.78001,-0.273029
-0.782395,-0.203949
-0.784089,-0.134728
-0.78509,-0.0654128
-0.785397,0.00394764
-0.785011,0.0733053
-0.783931,0.142612
-0.782159,0.21182
-0.779695,0.28088
-0.776542,0.349745
-0.772701,0.418364
-0.768176,0.48669
-0.762968,0.554672
-0.757083,0.622261
-0.750525,0.689406
-0.743297,0.756057
-0.735405,0.822161
-0.726856,0.887668
-0.717654,0.952523
-0.707808,1.01667
-0.697323,1.08007
-0.686209,1.14265
