x,y,vx,vy
0,0,35.3553,35.3553
0.352819,0.352329,35.2086,35.1108
0.704178,0.702221,35.0634,34.868
1.05409,1.04969,34.9195,34.627
1.40257,1.39477,34.777,34.3878
1.74963,1.73746,34.6358,34.1503
2.09529,2.07778,34.496,33.9146
2.43956,2.41575,34.3575,33.6805
2.78245,2.75139,34.2203,33.4481
3.12397,3.08472,34.0844,33.2174
3.46414,3.41575,33.9498,32.9883
3.80297,3.74449,33.8164,32.7607
4.14047,4.07097,33.6843,32.5348
4.47666,4.39519,33.5533,32.3104
4.81154,4.71718,33.4236,32.0876
5.14514,5.03695,33.2951,31.8663
5.47745,5.35451,33.1677,31.6465
5.80849,5.66988,33.0415,31.4281
6.13828,5.98308,32.9164,31.2113
6.46683,6.29411,32.7925,30.9958
6.79414,6.603,32.6697,30.7818
7.12022,6.90976,32.5479,30.5692
7.4451,7.21439,32.4273,30.358
7.76877,7.51692,32.3077,30.1481
8.09126,7.81736,32.1892,29.9396
8.41256,8.11572,32.0717,29.7324
8.73269,8.41201,31.9553,29.5265
9.05167,8.70625,31.8398,29.322
9.36949,8.99845,31.7254,29.1187
9.68618,9.28863,31.612,28.9166
10.0017,9.57679,31.4996,28.7159
10.3162,9.86295,31.3881,28.5163
10.6295,10.1471,31.2776,28.318
10.9417,10.4293,31.168,28.1208
11.2529,10.7095,31.0594,27.9249
11.5629,10.9878,30.9517,27.7301
11.8719,11.2641,30.8449,27.5365
12.1798,11.5385,30.739,27.3441
12.4867,11.811,30.634,27.1527
12.7925,12.0816,30.5298,26.9625
13.0973,12.3503,30.4266,26.7734
13.401,12.6171,30.3242,26.5853
13.7038,12.882,30.2226,26.3984
14.0055,13.145,30.1219,26.2125
14.3062,13.4062,30.022,26.0276
14.6059,13.6656,29.923,25.8438
14.9047,13.9231,29.8247,25.661
15.2024,14.1788,29.7273,25.4792
15.4992,14.4327,29.6306,25.2984
15.795,14.6848,29.5347,25.1186
16.0899,14.9351,29.4396,24.9398
16.3838,15.1836,29.3453,24.7619
16.6768,15.4303,29.2517,24.585
16.9689,15.6753,29.1589,24.4091
17.26,15.9185,29.0668,24.234
17.5502,16.16,28.9755,24.0599
17.8395,16.3997,28.8848,23.8867
18.1279,16.6377,28.7949,23.7144
18.4154,16.874,28.7057,23.543
18.702,17.1086,28.6172,23.3724
18.9878,17.3415,28.5293,23.2028
19.2726,17.5726,28.4422,23.0339
19.5566,17.8021,28.3557,22.866
19.8397,18.03,28.2699,22.6988
20.122,18.2561,28.1848,22.5325
20.4034,18.4806,28.1003,22.367
20.684,18.7035,28.0165,22.2023
20.9638,18.9247,27.9333,22.0385
21.2427,19.1442,27.8508,21.8754
21.5208,19.3622,27.7688,21.7131
21.7981,19.5785,27.6875,21.5515
22.0745,19.7932,27.6068,21.3908
22.3502,20.0063,27.5267,21.2307
22.6251,20.2178,27.4472,21.0715
22.8992,20.4278,27.3683,20.9129
23.1724,20.6361,27.29,20.7551
23.445,20.8429,27.2123,20.5981
23.7167,21.0481,27.1351,20.4417
23.9877,21.2517,27.0585,20.286
24.2579,21.4538,26.9825,20.1311
24.5273,21.6543,26.9071,19.9768
24.796,21.8533,26.8321,19.8232
25.064,22.0508,26.7578,19.6703
25.3312,22.2467,26.6839,19.5181
25.5976,22.4411,26.6107,19.3665
25.8634,22.6341,26.5379,19.2156
26.1284,22.8255,26.4656,19.0653
26.3927,23.0154,26.3939,18.9157
26.6563,23.2038,26.3227,18.7667
26.9192,23.3907,26.252,18.6183
27.1813,23.5761,26.1818,18.4706
27.4428,23.7601,26.1121,18.3234
27.7036,23.9426,26.0429,18.1769
27.9636,24.1237,25.9742,18.0309
28.223,24.3032,25.9059,17.8856
28.4818,24.4814,25.8382,17.7408
28.7398,24.6581,25.7709,17.5967
28.9972,24.8333,25.704,17.4531
29.2539,25.0071,25.6377,17.31
29.5099,25.1795,25.5718,17.1676
29.7653,25.3505,25.5063,17.0256
30.0201,25.52,25.4413,16.8843
30.2742,25.6882,25.3768,16.7435
30.5276,25.8549,25.3127,16.6032
30.7804,26.0202,25.249,16.4634
31.0326,26.1842,25.1857,16.3242
31.2841,26.3467,25.1229,16.1855
31.535,26.5079,25.0605,16.0474
31.7853,26.6677,24.9986,15.9097
32.035,26.8261,24.937,15.7725
32.2841,26.9831,24.8758,15.6359
32.5325,27.1388,24.8151,15.4997
32.7804,27.2931,24.7548,15.364
33.0276,27.4461,24.6948,15.2289
33.2743,27.5977,24.6353,15.0942
33.5203,27.748,24.5761,14.9599
33.7658,27.8969,24.5174,14.8262
34.0107,28.0445,24.459,14.6929
34.255,28.1907,24.401,14.5601
34.4987,28.3357,24.3433,14.4277
34.7419,28.4793,24.2861,14.2958
34.9844,28.6216,24.2292,14.1643
35.2264,28.7626,24.1727,14.0333
35.4679,28.9023,24.1165,13.9027
35.7088,29.0406,24.0607,13.7725
35.9491,29.1777,24.0053,13.6428
36.1889,29.3135,23.9502,13.5135
36.4281,29.448,23.8954,13.3846
36.6668,29.5812,23.841,13.2562
36.9049,29.7131,23.787,13.1281
37.1425,29.8438,23.7333,13.0005
37.3796,29.9731,23.6799,12.8733
37.6161,30.1012,23.6268,12.7464
37.8521,30.2281,23.5741,12.62
38.0876,30.3536,23.5217,12.4939
38.3226,30.4779,23.4696,12.3683
38.557,30.601,23.4179,12.243
38.7909,30.7228,23.3664,12.1181
39.0243,30.8434,23.3153,11.9936
39.2572,30.9627,23.2645,11.8695
39.4896,31.0808,23.214,11.7457
39.7215,31.1976,23.1637,11.6223
39.9529,31.3132,23.1138,11.4993
40.1838,31.4276,23.0642,11.3766
40.4142,31.5407,23.0149,11.2543
40.6441,31.6527,22.9659,11.1323
40.8735,31.7634,22.9172,11.0107
41.1024,31.8729,22.8687,10.8895
41.3309,31.9812,22.8206,10.7685
41.5589,32.0883,22.7727,10.6479
41.7863,32.1941,22.7251,10.5277
42.0134,32.2988,22.6778,10.4078
42.2399,32.4023,22.6307,10.2882
42.466,32.5046,22.584,10.1689
42.6916,32.6057,22.5374,10.05
42.9167,32.7056,22.4912,9.93135
43.1414,32.8043,22.4452,9.81305
43.3656,32.9018,22.3995,9.69506
43.5894,32.9982,22.354,9.57738
43.8127,33.0934,22.3088,9.46001
44.0356,33.1874,22.2639,9.34295
44.258,33.2802,22.2192,9.22619
44.48,33.3719,22.1747,9.10973
44.7015,33.4624,22.1305,8.99357
44.9226,33.5518,22.0866,8.8777
45.1432,33.64,22.0429,8.76213
45.3634,33.727,21.9994,8.64684
45.5832,33.8129,21.9561,8.53184
45.8025,33.8977,21.9131,8.41712
46.0215,33.9813,21.8704,8.30269
46.24,34.0637,21.8278,8.18853
46.458,34.145,21.7855,8.07465
46.6757,34.2252,21.7434,7.96104
46.8929,34.3043,21.7015,7.84771
47.1097,34.3822,21.6599,7.73464
47.3261,34.459,21.6184,7.62184
47.5421,34.5346,21.5772,7.5093
47.7576,34.6091,21.5362,7.39703
47.9728,34.6826,21.4954,7.28501
48.1875,34.7548,21.4549,7.17325
48.4019,34.826,21.4145,7.06175
48.6158,34.8961,21.3743,6.9505
48.8294,34.965,21.3344,6.8395
49.0425,35.0329,21.2946,6.72874
49.2553,35.0996,21.2551,6.61824
49.4676,35.1652,21.2157,6.50797
49.6796,35.2298,21.1766,6.39795
49.8912,35.2932,21.1376,6.28817
50.1023,35.3555,21.0988,6.17862
50.3131,35.4168,21.0602,6.06931
50.5235,35.4769,21.0218,5.96024
50.7336,35.536,20.9836,5.85139
50.9432,35.594,20.9456,5.74278
51.1525,35.6508,20.9078,5.63439
51.3614,35.7066,20.8701,5.52623
51.5699,35.7614,20.8326,5.4183
51.778,35.815,20.7953,5.31058
51.9858,35.8676,20.7582,5.20309
52.1932,35.9191,20.7212,5.09581
52.4002,35.9695,20.6845,4.98875
52.6069,36.0188,20.6478,4.88191
52.8132,36.0671,20.6114,4.77528
53.0191,36.1144,20.5751,4.66886
53.2247,36.1605,20.539,4.56265
53.4299,36.2056,20.503,4.45665
53.6347,36.2496,20.4673,4.35085
53.8392,36.2926,20.4316,4.24527
54.0434,36.3345,20.3962,4.13988
54.2472,36.3754,20.3608,4.0347
54.4506,36.4152,20.3257,3.92971
54.6537,36.454,20.2907,3.82493
54.8564,36.4917,20.2558,3.72034
55.0588,36.5284,20.2211,3.61595
55.2608,36.5641,20.1865,3.51175
55.4625,36.5987,20.1521,3.40775
55.6639,36.6322,20.1178,3.30394
55.8649,36.6647,20.0837,3.20032
56.0655,36.6962,20.0497,3.09688
56.2659,36.7267,20.0159,2.99364
56.4659,36.7561,19.9822,2.89058
56.6655,36.7845,19.9486,2.78771
56.8648,36.8119,19.9152,2.68501
57.0638,36.8382,19.8818,2.58251
57.2625,36.8635,19.8487,2.48018
57.4608,36.8878,19.8156,2.37803
57.6588,36.9111,19.7827,2.27606
57.8564,36.9333,19.7499,2.17427
58.0538,36.9545,19.7173,2.07266
58.2508,36.9748,19.6847,1.97122
58.4475,36.994,19.6523,1.86996
58.6438,37.0122,19.62,1.76886
58.8399,37.0294,19.5879,1.66794
59.0356,37.0455,19.5558,1.56719
59.231,37.0607,19.5239,1.46662
59.4261,37.0749,19.4921,1.36621
59.6208,37.088,19.4604,1.26596
59.8153,37.1002,19.4288,1.16589
60.0094,37.1113,19.3973,1.06598
60.2032,37.1215,19.3659,0.966234
60.3967,37.1307,19.3347,0.866654
60.5899,37.1388,19.3035,0.767237
60.7828,37.146,19.2725,0.667982
60.9754,37.1522,19.2416,0.568888
61.1676,37.1574,19.2107,0.469955
61.3596,37.1616,19.18,0.371182
61.5512,37.1648,19.1494,0.272568
61.7426,37.167,19.1188,0.174111
61.9336,37.1683,19.0884,0.0758121
62.1243,37.1686,19.0581,-0.0223304
62.3148,37.1678,19.0278,-0.120317
62.5049,37.1662,18.9977,-0.218149
62.6947,37.1635,18.9676,-0.315826
62.8843,37.1598,18.9377,-0.41335
63.0735,37.1552,18.9078,-0.510721
63.2624,37.1496,18.878,-0.607939
63.451,37.1431,18.8483,-0.705006
63.6394,37.1355,18.8187,-0.801922
63.8274,37.127,18.7892,-0.898687
64.0152,37.1176,18.7598,-0.995303
64.2026,37.1071,18.7305,-1.09177
64.3898,37.0957,18.7012,-1.18809
64.5766,37.0834,18.672,-1.28426
64.7632,37.07,18.6429,-1.38028
64.9495,37.0558,18.6139,-1.47615
65.1355,37.0405,18.585,-1.57188
65.3212,37.0243,18.5561,-1.66746
65.5066,37.0072,18.5273,-1.7629
65.6917,36.9891,18.4986,-1.85819
65.8766,36.97,18.4699,-1.95334
66.0611,36.95,18.4414,-2.04834
66.2454,36.929,18.4129,-2.1432
66.4294,36.9071,18.3845,-2.23792
66.6131,36.8843,18.3561,-2.33249
66.7965,36.8605,18.3278,-2.42692
66.9797,36.8357,18.2996,-2.52121
67.1625,36.8101,18.2714,-2.61535
67.3451,36.7834,18.2433,-2.70936
67.5274,36.7559,18.2153,-2.80322
67.7094,36.7274,18.1874,-2.89694
67.8911,36.6979,18.1595,-2.99052
68.0726,36.6676,18.1316,-3.08396
68.2538,36.6363,18.1038,-3.17726
68.4347,36.604,18.0761,-3.27042
68.6153,36.5708,18.0485,-3.36344
68.7956,36.5367,18.0209,-3.45633
68.9757,36.5017,17.9933,-3.54907
69.1555,36.4658,17.9658,-3.64167
69.335,36.4289,17.9384,-3.73414
69.5143,36.3911,17.911,-3.82646
69.6932,36.3524,17.8837,-3.91865
69.8719,36.3127,17.8564,-4.0107
70.0504,36.2721,17.8292,-4.10261
70.2285,36.2307,17.802,-4.19438
70.4064,36.1883,17.7749,-4.28601
70.584,36.1449,17.7478,-4.37751
70.7614,36.1007,17.7208,-4.46887
70.9384,36.0556,17.6938,-4.56009
71.1152,36.0095,17.6669,-4.65117
71.2918,35.9625,17.64,-4.74212
71.468,35.9147,17.6131,-4.83293
71.644,35.8659,17.5863,-4.9236
71.8198,35.8162,17.5596,-5.01413
71.9952,35.7656,17.5329,-5.10453
72.1704,35.7141,17.5062,-5.19479
72.3454,35.6617,17.4795,-5.28491
72.52,35.6084,17.4529,-5.37489
72.6944,35.5542,17.4264,-5.46474
72.8685,35.4991,17.3999,-5.55445
73.0424,35.4431,17.3734,-5.64402
73.216,35.3862,17.3469,-5.73345
73.3894,35.3284,17.3205,-5.82275
73.5624,35.2698,17.2942,-5.91191
73.7352,35.2102,17.2678,-6.00093
73.9078,35.1498,17.2415,-6.08982
74.0801,35.0884,17.2152,-6.17856
74.2521,35.0262,17.189,-6.26717
74.4238,34.9631,17.1628,-6.35564
74.5953,34.8991,17.1366,-6.44397
74.7666,34.8342,17.1105,-6.53216
74.9376,34.7684,17.0844,-6.62022
75.1083,34.7018,17.0583,-6.70814
75.2787,34.6343,17.0322,-6.79591
75.4489,34.5659,17.0062,-6.88355
75.6188,34.4966,16.9802,-6.97105
75.7885,34.4264,16.9542,-7.05841
75.9579,34.3554,16.9283,-7.14563
76.1271,34.2835,16.9023,-7.23272
76.296,34.2108,16.8764,-7.31966
76.4646,34.1371,16.8506,-7.40646
76.633,34.0626,16.8247,-7.49312
76.8011,33.9873,16.7989,-7.57965
76.969,33.9111,16.7731,-7.66603
77.1366,33.834,16.7473,-7.75227
77.3039,33.756,16.7215,-7.83837
77.471,33.6772,16.6958,-7.92433
77.6378,33.5975,16.6701,-8.01015
77.8044,33.517,16.6444,-8.09582
77.9707,33.4356,16.6187,-8.18136
78.1368,33.3534,16.593,-8.26675
78.3026,33.2703,16.5674,-8.352
78.4681,33.1863,16.5418,-8.43711
78.6334,33.1015,16.5162,-8.52207
78.7984,33.0159,16.4906,-8.60689
78.9632,32.9294,16.465,-8.69157
79.1277,32.8421,16.4395,-8.7761
79.292,32.7539,16.4139,-8.8605
79.456,32.6648,16.3884,-8.94474
79.6198,32.575,16.3629,-9.02884
79.7833,32.4843,16.3374,-9.1128
79.9465,32.3927,16.3119,-9.19661
80.1095,32.3003,16.2865,-9.28028
80.2723,32.2071,16.261,-9.3638
80.4347,32.1131,16.2356,-9.44718
80.597,32.0182,16.2102,-9.53041
80.7589,31.9225,16.1848,-9.61349
80.9207,31.8259,16.1594,-9.69643
81.0821,31.7285,16.134,-9.77922
81.2433,31.6303,16.1086,-9.86186
81.4043,31.5313,16.0832,-9.94435
81.565,31.4314,16.0579,-10.0267
81.7255,31.3308,16.0325,-10.1089
81.8857,31.2293,16.0072,-10.1909
82.0456,31.1269,15.9819,-10.2728
82.2053,31.0238,15.9566,-10.3546
82.3647,30.9198,15.9313,-10.4362
82.5239,30.8151,15.906,-10.5177
82.6829,30.7095,15.8807,-10.599
82.8415,30.6031,15.8554,-10.6801
83,30.4959,15.8301,-10.7611
83.1581,30.3879,15.8049,-10.842
83.3161,30.2791,15.7796,-10.9227
83.4737,30.1694,15.7544,-11.0032
83.6311,30.059,15.7291,-11.0836
83.7883,29.9478,15.7039,-11.1638
83.9452,29.8357,15.6787,-11.2439
84.1019,29.7229,15.6534,-11.3238
84.2583,29.6092,15.6282,-11.4036
84.4144,29.4948,15.603,-11.4833
84.5704,29.3796,15.5778,-11.5627
84.726,29.2635,15.5526,-11.642
84.8814,29.1467,15.5274,-11.7212
85.0366,29.0291,15.5022,-11.8002
85.1914,28.9107,15.4771,-11.8791
85.3461,28.7915,15.4519,-11.9578
85.5005,28.6716,15.4267,-12.0363
85.6546,28.5508,15.4015,-12.1147
85.8085,28.4293,15.3764,-12.1929
85.9622,28.307,15.3512,-12.271
86.1155,28.1839,15.3261,-12.3489
86.2687,28.06,15.3009,-12.4267
86.4216,27.9353,15.2758,-12.5043
86.5742,27.8099,15.2506,-12.5817
86.7266,27.6837,15.2255,-12.659
86.8787,27.5567,15.2003,-12.7361
87.0306,27.429,15.1752,-12.813
87.1822,27.3005,15.1501,-12.8898
87.3336,27.1712,15.125,-12.9665
87.4847,27.0411,15.0998,-13.043
87.6356,26.9103,15.0747,-13.1193
87.7862,26.7787,15.0496,-13.1954
87.9366,26.6464,15.0245,-13.2714
88.0867,26.5133,14.9994,-13.3473
88.2366,26.3795,14.9742,-13.4229
88.3862,26.2449,14.9491,-13.4985
88.5355,26.1095,14.924,-13.5738
88.6847,25.9734,14.8989,-13.649
88.8335,25.8365,14.8738,-13.724
88.9821,25.6989,14.8487,-13.7989
89.1305,25.5605,14.8236,-13.8736
89.2786,25.4214,14.7985,-13.9481
89.4265,25.2816,14.7734,-14.0225
89.5741,25.141,14.7484,-14.0967
89.7214,24.9996,14.7233,-14.1707
89.8685,24.8576,14.6982,-14.2446
90.0154,24.7148,14.6731,-14.3183
90.162,24.5712,14.648,-14.3918
90.3084,24.4269,14.6229,-14.4652
90.4545,24.2819,14.5979,-14.5384
90.6003,24.1362,14.5728,-14.6114
90.7459,23.9897,14.5477,-14.6843
90.8913,23.8425,14.5226,-14.757
91.0364,23.6945,14.4976,-14.8296
91.1812,23.5459,14.4725,-14.9019
91.3258,23.3965,14.4474,-14.9741
91.4702,23.2464,14.4224,-15.0462
91.6143,23.0956,14.3973,-15.118
91.7581,22.944,14.3722,-15.1897
91.9017,22.7918,14.3472,-15.2613
92.0451,22.6388,14.3221,-15.3326
92.1881,22.4851,14.2971,-15.4038
92.331,22.3307,14.272,-15.4748
92.4736,22.1756,14.2469,-15.5457
92.6159,22.0198,14.2219,-15.6164
92.758,21.8633,14.1969,-15.6869
92.8999,21.7061,14.1718,-15.7572
93.0415,21.5482,14.1468,-15.8274
93.1828,21.3895,14.1217,-15.8974
93.3239,21.2302,14.0967,-15.9672
93.4647,21.0702,14.0717,-16.0369
93.6053,20.9095,14.0466,-16.1064
93.7457,20.7481,14.0216,-16.1757
93.8858,20.586,13.9966,-16.2448
94.0256,20.4232,13.9715,-16.3138
94.1652,20.2597,13.9465,-16.3826
94.3045,20.0955,13.9215,-16.4512
94.4436,19.9307,13.8965,-16.5196
94.5825,19.7651,13.8715,-16.5879
94.7211,19.5989,13.8465,-16.656
94.8594,19.432,13.8215,-16.724
94.9975,19.2644,13.7965,-16.7917
95.1353,19.0962,13.7715,-16.8593
95.2729,18.9272,13.7465,-16.9267
95.4103,18.7576,13.7215,-16.9939
95.5473,18.5874,13.6965,-17.061
95.6842,18.4164,13.6715,-17.1279
95.8208,18.2448,13.6465,-17.1946
95.9571,18.0725,13.6215,-17.2611
96.0932,17.8996,13.5966,-17.3275
96.229,17.726,13.5716,-17.3937
96.3646,17.5517,13.5466,-17.4597
96.5,17.3768,13.5217,-17.5256
96.6351,17.2012,13.4967,-17.5912
96.7699,17.025,13.4718,-17.6567
96.9045,16.8481,13.4468,-17.722
97.0388,16.6705,13.4219,-17.7872
97.1729,16.4923,13.3969,-17.8521
97.3068,16.3135,13.372,-17.9169
97.4404,16.134,13.3471,-17.9815
97.5737,15.9538,13.3222,-18.046
97.7068,15.7731,13.2972,-18.1102
97.8397,15.5916,13.2723,-18.1743
97.9723,15.4096,13.2474,-18.2382
98.1046,15.2269,13.2225,-18.3019
98.2367,15.0435,13.1976,-18.3655
98.3686,14.8596,13.1728,-18.4289
98.5002,14.675,13.1479,-18.4921
98.6315,14.4897,13.123,-18.5551
98.7626,14.3039,13.0981,-18.6179
98.8935,14.1174,13.0733,-18.6806
99.0241,13.9303,13.0484,-18.7431
99.1545,13.7425,13.0236,-18.8054
99.2846,13.5541,12.9987,-18.8676
99.4144,13.3652,12.9739,-18.9295
99.5441,13.1756,12.9491,-18.9913
99.6734,12.9853,12.9243,-19.0529
99.8025,12.7945,12.8995,-19.1144
99.9314,12.603,12.8747,-19.1756
100.06,12.411,12.8499,-19.2367
100.188,12.2183,12.8251,-19.2976
100.317,12.025,12.8003,-19.3583
100.444,11.8311,12.7756,-19.4189
100.572,11.6367,12.7508,-19.4793
100.699,11.4416,12.7261,-19.5395
100.827,11.2459,12.7013,-19.5995
100.953,11.0496,12.6766,-19.6593
101.08,10.8527,12.6519,-19.719
101.206,10.6552,12.6271,-19.7785
101.333,10.4571,12.6024,-19.8378
101.459,10.2584,12.5778,-19.8969
101.584,10.0592,12.5531,-19.9559
101.71,9.85932,12.5284,-20.0147
101.835,9.65888,12.5037,-20.0733
101.96,9.45786,12.4791,-20.1317
102.084,9.25625,12.4544,-20.1899
102.209,9.05406,12.4298,-20.248
102.333,8.85129,12.4052,-20.3059
102.457,8.64794,12.3806,-20.3636
102.581,8.44402,12.356,-20.4212
102.704,8.23952,12.3314,-20.4786
102.827,8.03445,12.3068,-20.5357
102.95,7.8288,12.2823,-20.5928
103.073,7.62259,12.2577,-20.6496
103.195,7.41581,12.2332,-20.7063
103.317,7.20847,12.2087,-20.7628
103.439,7.00056,12.1841,-20.8191
103.561,6.79209,12.1596,-20.8752
103.683,6.58306,12.1351,-20.9312
103.804,6.37346,12.1107,-20.9869
103.925,6.16332,12.0862,-21.0426
104.046,5.95261,12.0618,-21.098
104.166,5.74136,12.0373,-21.1533
104.286,5.52955,12.0129,-21.2083
104.406,5.31719,11.9885,-21.2632
104.526,5.10429,11.9641,-21.318
104.646,4.89083,11.9397,-21.3725
104.765,4.67683,11.9154,-21.4269
104.884,4.46229,11.891,-21.4811
105.003,4.24721,11.8667,-21.5352
105.121,4.03159,11.8423,-21.589
105.24,3.81543,11.818,-21.6427
105.358,3.59874,11.7937,-21.6962
105.475,3.38151,11.7695,-21.7496
105.593,3.16375,11.7452,-21.8027
105.71,2.94546,11.721,-21.8557
105.827,2.72663,11.6967,-21.9085
105.944,2.50729,11.6725,-21.9612
106.061,2.28741,11.6483,-22.0136
106.177,2.06701,11.6241,-22.0659
106.293,1.84609,11.6,-22.1181
106.409,1.62465,11.5758,-22.17
106.525,1.40269,11.5517,-22.2218
106.64,1.18022,11.5276,-22.2734
106.755,0.957227,11.5035,-22.3248
106.87,0.733722,11.4794,-22.3761
106.985,0.509705,11.4553,-22.4272
107.099,0.285179,11.4313,-22.4781
107.214,0.0601439,11.4072,-22.5289
